"ag-cell","ag-cell 2","ag-cell 3","ag-cell 4"
"KBANDAR-B-201-BILIK-MESYUARAT-FKAAB","0s","AP-505","10.9.152.23"
"KKTSN-L2-C208","0s","AP-505","10.8.4.35"
"D2-B-AP21","0s","AP-515","10.8.5.18"
"BLK-PSYARAH-C16-1stFloor-2","1m 27s","AP-303","10.8.5.137"
"KKTSN-L1-B118","9h 36m","AP-505","10.8.4.127"
"A18-KAWAD-AP01","18h 34m","AP-515","10.60.30.89"
"A2-003-06A-Integriti-AP305","1d 7h","AP-305","10.8.20.164"
"Masjid-i-006A-Pej-Pusat-Islam-AP2","2d 11h","AP-505","10.63.76.7"
"Masjid-Lobi-Heksagon-Kiri","2d 11h","AP-505","10.63.76.16"
"Masjid-Ruang-Solat-Kanan-AP1","2d 11h","AP-505","10.63.76.12"
"Masjid-i-002A-Dewan-Al-Farabi-AP2","2d 11h","AP-505","10.63.76.14"
"Masjid-i-010-Bkuliah-Al-Wasit","2d 11h","AP-505","10.63.76.17"
"Masjid-Lobi-Kanan-Aras1","2d 11h","AP-505","10.63.76.18"
"Masjid-i-001A-Dewan-Al-Farabi-AP1","2d 11h","AP-505","10.63.76.15"
"Masjid-i-008A-Dewan-Makan","2d 11h","AP-505","10.63.76.13"
"Masjid-Ruang-Solat-Kiri-Ars2-AP3","2d 11h","AP-505","10.63.76.5"
"Masjid-Ruang-Solat-Kanan-Ars2-AP3","2d 11h","AP-505","10.63.76.6"
"Masjid-Bilik-Raja","2d 11h","AP-505","10.63.76.11"
"Masjid-Ruang-Solat-Kanan-AP2","2d 11h","AP-505","10.63.76.9"
"Masjid-i-003-Sunnah-Waljamaah","2d 11h","AP-505","10.63.76.10"
"Masjid-Lobi-Heksagon-Kanan","2d 11h","AP-505","10.63.76.1"
"Masjid-Ruang-Solat-Kiri-AP1","2d 11h","AP-505","10.63.76.2"
"Masjid-Ruang-Bacaan","2d 11h","AP-505","10.63.76.4"
"Masjid-Ruang-Solat-Kiri-AP2","2d 11h","AP-505","10.63.76.3"
"FPTV-KA-001-11","3d 2h","AP-303","10.66.22.123"
"FPTV-KA-002-01-Koridor-BDekan","3d 2h","AP-505","10.66.22.68"
"FPTV-KA-002-17-Pejabat_Tengah","3d 2h","AP-505","10.66.22.142"
"FKAAB-M-144A-MKomputer3","10.67.21.7","AP-505","48:b4:c3:cd:25:de"
"FKAAB-M-021A-Kej-Pembinaan","10.67.21.30","AP-505","48:b4:c3:cd:9a:76"
"FK-R3-GF-AP02","10.67.20.34","AP-515","54:d7:e3:cd:10:d6"
"FK-R3-GF-AP01","10.67.21.73","AP-515","54:d7:e3:cd:39:d8"
"FKAAB-M-023A-Kej-Bahan_AP2","10.67.21.35","AP-505","48:b4:c3:cd:b9:30"
"FKAAB-M-019A-Fabrikasi-Logam","10.67.21.11","AP-505","48:b4:c3:cd:c4:52"
"FK-R3-GF-AP04","10.67.20.171","AP-515","54:d7:e3:cc:fd:00"
"FK-R3-GF-AP03","10.67.22.2","AP-515","54:d7:e3:cd:49:ac"
"FKAAB-M-023A-Kej-Bahan_AP1","10.67.21.31","AP-505","48:b4:c3:cd:c7:18"
"FKAAB-M-017A-Kej-Persekitaran","10.67.21.25","AP-505","48:b4:c3:cd:dc:ba"
"FKAAB-M-133-Koridor-BJurutera","10.67.21.36","AP-505","48:b4:c3:cd:19:ac"
"FKAAB-M-143A-BKuliah-CAGED","10.67.20.192","AP-505","48:b4:c3:cd:3a:5c"
"FKAAB-M-143A-BHujung-CAGED","10.67.21.40","AP-505","48:b4:c3:cd:2d:08"
"FKAAB-M-014A-Kej-Sumber-Air","10.67.20.212","AP-505","48:b4:c3:cd:be:4c"
"FKAAB-M-142-Koridor-BProf-Pelawat","10.67.21.37","AP-505","48:b4:c3:cd:b0:4c"
"FKAAB-M-018A-BTaklimat","10.67.20.176","AP-505","48:b4:c3:cd:c9:3c"
"T1-01-001-08A_Mesyuarat_Kreatif-GDU","10.8.84.6","AP-303","b8:3a:5a:c6:fd:46"
"T1-01B_Lobby-GDU(AP-atas-siling)","10.8.84.5","AP-315","24:f2:7f:c1:c3:68"
"T1-02-001A_Blk_Taklimat-GDU","10.8.84.4","AP-303","b8:3a:5a:c6:f2:0e"
"T1-02-008A_PusatOPerasi-GDU","10.8.84.3","AP-303","b8:3a:5a:c6:fa:3e"
"KKTSN-L2-C218","10.8.4.123","AP-505","34:3a:20:c3:47:ca"
"KKTSN-L1-C126","10.8.5.152","AP-505","6c:c4:9f:c9:69:2a"
"A9-KOLAM-AP04","10.8.204.93","AP-515","54:d7:e3:cd:33:1e"
"KKTSN-L3-B326","10.8.4.88","AP-505","34:3a:20:c3:47:c6"
"KKTSN-L2-C208","10.8.5.45","AP-505","6c:c4:9f:ce:b2:da"
"LIB19-L3-L-317-Eksplorasi5","10.63.36.33","AP-505","48:b4:c3:cd:c5:1e"
"KKTSN-L3-B308","10.8.4.70","AP-505","34:3a:20:c2:de:68"
"KKTSN-L3-B322","10.8.4.25","AP-505","34:8a:12:cc:b3:fc"
"FPTV-KD-022A-Acuan-Tuangan","10.8.7.23","AP-505","48:b4:c3:cd:25:60"
"FPTV-KD-008A-Koridor-Makmal","10.8.7.10","AP-505","48:b4:c3:cd:19:32"
"FPTV-KD-004C-Koridor-Makmal","10.8.6.189","AP-505","48:b4:c3:cd:2a:92"
"FPTV-KD-007B-Penyaman-Udara","10.8.7.22","AP-505","48:b4:c3:cd:3d:9a"
"FPTV-KD-004C-Makmal-Elektrik","10.8.6.190","AP-505","48:b4:c3:cd:27:38"
"FPTV-KA-002","10.66.22.165","AP-303","b8:3a:5a:c6:fb:ee"
"FPTV-KA-001-01","10.66.22.164","AP-303","b8:3a:5a:c6:fc:c4"
"Masjid-Ruang-Solat-Kiri-AP2","10.63.76.3","AP-505","48:b4:c3:cd:3a:28"
"FPTV-KA-001-11","10.66.22.123","AP-303","b8:3a:5a:c6:d7:f6"
"FPTV-KA-002-01-Koridor-BDekan","10.66.22.68","AP-505","48:b4:c3:cd:2f:76"
"FPTV-KA-002-17-Pejabat_Tengah","10.66.22.142","AP-505","a8:5b:f7:c3:e4:c6"
"FPTV-KD-008A-Udara-Kenderaan","10.8.6.194","AP-505","48:b4:c3:cd:13:a4"
"FPTV-KD-010A-Ukur-Perpaipan","10.8.7.14","AP-505","48:b4:c3:cd:33:a8"
"FPTV-KD-021B-Kayu-Perabot","10.8.7.21","AP-505","48:b4:c3:cd:3b:ca"
"D2-B-AP12","10.8.4.24","AP-515","54:d7:e3:cd:0a:c2"
"D2-B-AP11","10.8.4.16","AP-515","54:d7:e3:cd:3b:6a"
"D2-B-AP18","10.8.4.18","AP-515","54:d7:e3:cd:36:ea"
"D2-B-AP13","10.8.5.16","AP-515","54:d7:e3:cd:0d:ae"
"D2-B-AP17","10.8.5.57","AP-515","54:d7:e3:cd:3b:94"
"D2-B-AP22","10.8.4.15","AP-515","54:d7:e3:cd:45:9a"
"D2-B-AP15","10.8.4.21","AP-515","54:d7:e3:cd:3e:2a"
"D2-B-AP19","10.8.5.24","AP-515","54:d7:e3:cd:20:c0"
"D2-B-AP14","10.8.4.20","AP-515","54:d7:e3:cd:4d:24"
"D2-B-AP16","10.8.4.17","AP-515","54:d7:e3:cd:1a:6c"
"KKTSN-L2-B204","10.8.4.84","AP-505","34:3a:20:c2:be:d4"
"KKTSN-GF-B026","10.8.4.71","AP-505","34:3a:20:c3:24:9e"
"FKAAS(B)-M-017A","10.67.20.155","AP-303","b8:3a:5a:c6:dc:bc"
"QA-GF-AP02","10.69.22.1","AP-515","54:d7:e3:cc:fe:9c"
"FKEE-QA-002-05-Bmesyuarat-AP2","10.69.21.222","AP-505","48:b4:c3:cd:9e:f8"
"FKEE-QA-002-03-Pjbt-Akademik","10.69.21.214","AP-505","48:b4:c3:cd:b7:1c"
"FKEE-QA-001-08-Ruang-Pjbt","10.69.21.211","AP-505","48:b4:c3:cd:c1:5a"
"FKEE-QA-002-004-Kor-Viva","10.69.21.213","AP-505","48:b4:c3:cd:aa:62"
"FKEE-QA-002-05-Bmesyuarat-AP1","10.69.21.220","AP-505","48:b4:c3:cd:a5:e0"
"FKEE-QA-Lobi-Bawah","10.69.21.221","AP-505","48:b4:c3:cd:a7:c0"
"FKEE-QA-002-03D-Kor-Blk-Fail","10.69.21.215","AP-505","48:b4:c3:cd:ae:b0"
"FKEE-QA-001-Kaunter","10.69.21.212","AP-505","48:b4:c3:cd:b5:68"
"QA-GF-AP01","10.69.21.255","AP-515","54:d7:e3:cd:1e:f2"
"FKEE-QA-701-Kor-Tengah","10.69.32.179","AP-505","48:b4:c3:cd:e7:c2"
"FKEE-QA-102-Postgraduate-AP1","10.69.21.218","AP-505","48:b4:c3:cd:e8:ea"
"FKEE-QA-202-14-Kor-Pensyarah","10.69.24.253","AP-505","48:b4:c3:cd:d5:b4"
"FKEE-QA-502-14-Kor-Pensyarah","10.8.6.14","AP-505","48:b4:c3:cd:cd:d2"
"FKEE-QA-101-21-Kor-Pensyarah","10.69.21.217","AP-505","48:b4:c3:cd:e0:2e"
"FKEE-QA-601-16-Kor-Pensyarah","10.69.32.177","AP-505","48:b4:c3:cd:9c:9c"
"FKEE-QA-102-Postgraduate-AP2","10.69.21.219","AP-505","48:b4:c3:cd:b3:b8"
"FKEE-QA-302-14-Kor-Pensyarah","10.69.25.1","AP-505","48:b4:c3:cd:a0:54"
"KKP-K2-03","10.8.5.198","AP-505","48:b4:c3:cd:39:48"
"KKP-K4-05","10.8.4.40","AP-505","48:b4:c3:cd:31:ea"
"KKP-K4-02","10.8.4.5","AP-505","48:b4:c3:cd:32:3e"
"KKP-K3-04","10.8.4.113","AP-505","48:b4:c3:cd:30:18"
"KKP-K3-05","10.8.4.149","AP-505","48:b4:c3:cd:30:7e"
"KKP-K3-02","10.8.4.9","AP-505","48:b4:c3:cd:3e:e4"
"Pos-Pengawal-4(Dpn_Masjid_Baru)","10.63.24.71","AP-315","24:f2:7f:c1:c3:d2"
"Kolam-Renang-1","10.8.206.105","AP-315","24:f2:7f:c1:c5:82"
"Kolam-Renang-2","10.8.205.116","AP-315","24:f2:7f:c1:c1:7c"
"A9-KOLAM-AP01","10.8.207.113","AP-515","54:d7:e3:cd:41:9c"
"A9-KOLAM-AP02","10.8.204.65","AP-515","54:d7:e3:cd:53:b2"
"A9-KOLAM-AP03","10.8.207.28","AP-515","54:d7:e3:cd:39:e0"
"A19-Kolam-Renang-Grstand-Tiang","10.60.33.14","AP-505","48:b4:c3:cd:3c:b6"
"A19-Kolam-Renang-Grstand-BKaca","10.60.34.85","AP-505","48:b4:c3:cd:16:90"
"A19-Kolam-Renang-Lobi-Kaunter","10.60.34.44","AP-505","48:b4:c3:cd:2a:b4"
"C12-102A-Mkml_Fizik1","10.8.20.183","AP-505","a8:5b:f7:c3:f9:fc"
"C12-101-Mkml_Fizik2","10.8.20.182","AP-505","a8:5b:f7:c3:ff:5e"
"x2-Pos-Pengawal-Taman-U-AP315","10.63.41.98","AP-315","24:f2:7f:c2:db:8e"
"KKTSN-L2-B212","10.8.4.81","AP-505","34:3a:20:c3:57:b8"
"KKTSN-BILIK-PENGARAH","10.60.34.137","AP-505","48:b4:c3:cf:06:d2"
"UTHMRAP0028_ PJBT_YAYASAN_LIBRARY","192.168.10.51","AP-303H","20:4c:03:dc:75:30"
"KBandar-Pusat-Pelajar-AP2-SW-B001","10.9.152.31","AP-505","48:b4:c3:cd:b5:ea"
"KBandar-A-005A-Pusat-Sumber-SW-B001","10.9.152.29","AP-505","48:b4:c3:cd:a7:38"
"KBandar-A-001A-Lobi&Galeri-SW-B001","10.9.152.69","AP-505","48:b4:c3:cd:a9:3c"
"KBandar-B-001-05-Studio3-SW-B001","10.9.152.63","AP-505","48:b4:c3:cd:c9:a4"
"Kbandar-A-Ruang-Sebelah-Studio2-SW-SW-B014A","10.9.156.59","AP-505","48:b4:c3:cd:e5:88"
"KBandar-B-210-KBB9-SW-B211","10.9.156.26","AP-505","48:b4:c3:cd:9c:72"
"KBandar-B-213-Bilik-Pensyarah-SW-B211","10.9.156.49","AP-505","48:b4:c3:cd:9d:c4"
"KBandar-A-217-Bilik-Pensyarah-SW-B211","10.9.156.23","AP-505","d0:d3:e0:ca:f1:be"
"KBandar-A-109-Mkml-Rangkaian-SW-B111","10.9.152.30","AP-505","48:b4:c3:cd:9f:aa"
"KBandar-A-012A-Johor-Busnieess-School-SW-B014A","10.9.156.46","AP-505","48:b4:c3:cd:ad:b4"
"KBandar-A-213-KBA3-SW-B211","10.9.156.56","AP-505","48:b4:c3:cd:9f:04"
"KBandar-A-212-Bilik-Pensyarah-SW-B211","10.9.156.35","AP-505","48:b4:c3:cd:bb:14"
"KKP-K4-01","10.8.4.4","AP-505","48:b4:c3:cd:45:64"
"KKP-K3-03","10.8.4.10","AP-505","48:b4:c3:cd:1e:b4"
"KKP-K1-02","10.8.5.194","AP-505","48:b4:c3:cd:10:2c"
"KKP-K1-03","10.8.5.193","AP-505","48:b4:c3:cd:36:fa"
"KKP-K1-01","10.8.5.191","AP-505","48:b4:c3:cd:3b:d6"
"KKP-K2-04","10.8.5.199","AP-505","48:b4:c3:cd:30:ec"
"KBandar-B-214-Bilik-Pensyarah-SW-B211","10.9.156.39","AP-505","48:b4:c3:cc:51:5c"
"KBandar-B-211-Mkml-PTM3-SW-B211","10.9.156.40","AP-505","48:b4:c3:cd:c5:28"
"KBandar-A-211-Bilik-Pensyarah-SW-B211","10.9.156.43","AP-505","48:b4:c3:cd:c0:dc"
"KBandar-A-110-KBA1-SW-B111","10.9.152.56","AP-505","48:b4:c3:cd:b1:84"
"KBandar-A-216-Bilik-Pensyarah-SW-B211","10.9.156.37","AP-505","48:b4:c3:cd:df:24"
"KBandar-A-214-Bilik-Pensyarah-SW-B211","10.9.156.42","AP-505","48:b4:c3:cd:e0:22"
"KBandar-A-112-KB-A112-SW-B111","10.9.152.67","AP-505","48:b4:c3:cd:b9:3a"
"KBandar-A-013A-Pameran-Pelajar-AP1-SW-B014A","10.9.156.48","AP-505","48:b4:c3:cd:b9:fe"
"KBandar-B-208-Bilik-Pensyarah-SW-B211","10.9.156.60","AP-505","48:b4:c3:cd:be:fa"
"KBandar-A-108-Mkml-Multimedia-SW-B111","10.9.152.54","AP-505","48:b4:c3:cd:ac:ec"
"KBandar-B-209-Bilik-Transit-PPB-SW-B211","10.9.156.58","AP-505","48:b4:c3:cd:a4:8e"
"KBandar-B-212-Bilik-Pensyarah-SW-B211","10.9.156.53","AP-505","48:b4:c3:cd:ac:f6"
"KBandar-B-017A-Pameran-Pelajar-AP3-SW-B014A","10.9.156.38","AP-505","48:b4:c3:cd:d4:a6"
"KBandar-B-015A-Studio2-AP2-SW-B014A","10.9.156.50","AP-505","48:b4:c3:cd:cc:c8"
"KBandar-A-104-Stor-FKAAB-SW-A101","10.9.152.68","AP-505","48:b4:c3:cd:bb:c4"
"KBandar-B-105-Komputer-CAD-SW-A101","10.9.152.64","AP-505","48:b4:c3:cd:cb:1a"
"KBandar-B-014A-Pjbt-Rangkaian-PTM-SW-B014A","10.9.156.45","AP-505","48:b4:c3:cd:c3:52"
"KBandar-B-103-KomputerFPT-Studio4-SW-A101","10.9.152.60","AP-505","48:b4:c3:cd:99:48"
"KBandar-A-101-Dewan-Kuliah-KBDK-SW-A101","10.9.152.65","AP-505","48:b4:c3:cd:b8:26"
"KBandar-B-111-Mkml-PTM1-SW-B111","10.9.152.58","AP-505","48:b4:c3:cd:cf:20"
"KBandar-B-106-Komputer-Simulasi-A101","10.9.152.70","AP-505","48:b4:c3:cd:ad:2c"
"KBandar-B-112-SW-B111","10.9.152.55","AP-505","48:b4:c3:cd:af:f6"
"Kampus-Bandar-Outdoor","10.9.152.76","AP-365","bc:9f:e4:c0:75:be"
"KBandar-A-105-Komputer-Rangkaian-SW-A101","10.9.152.59","AP-505","48:b4:c3:cd:b4:0e"
"KBandar-B-102-Pengurusan-HTanah-SW-A101","10.9.152.51","AP-505","48:b4:c3:cd:9a:ac"
"KBandar-A-103-Pengatucaraan2-SW-A101","10.9.152.61","AP-505","48:b4:c3:cd:a6:62"
"KBandar-A-009A-Stor-Keselamatan-SW-B014A","10.9.156.36","AP-505","48:b4:c3:cd:b3:fe"
"KBandar-PTA-AP2-SW-B111","10.9.152.57","AP-505","48:b4:c3:cd:e5:5e"
"KBandar-B-012A-Ruang-Arkib-AP2-SW-B014A","10.9.156.32","AP-505","48:b4:c3:cd:ad:bc"
"KBandar-B-114-SW-B111","10.9.152.52","AP-505","48:b4:c3:cd:b0:8c"
"KBandar-A-107-Mkml-Baikpulih-A101","10.9.152.73","AP-505","48:b4:c3:cd:b8:36"
"KBandar-A-215-Bilik-Pensyarah-SW-B211","10.9.156.61","AP-505","48:b4:c3:cd:cc:3e"
"KBandar-PTA-AP1-SW-B111","10.9.152.71","AP-505","48:b4:c3:cd:e5:e4"
"KBandar-B-104-SW-A101","10.9.152.75","AP-505","48:b4:c3:cd:cf:d4"
"FKAAB-M-013A-Pencemar-Mikro","10.8.7.31","AP-505","48:b4:c3:cd:e5:2c"
"QB-GF-AP06","10.69.52.19","AP-515","54:d7:e3:cd:01:76"
"QB-GF-AP04","10.69.52.16","AP-515","54:d7:e3:cd:15:e8"
"QB-L1-AP06","10.69.57.20","AP-515","54:d7:e3:cd:23:28"
"QB-GF-AP09","10.69.52.12","AP-515","54:d7:e3:cd:15:de"
"FKAAB-M-802A-BTayangan-Video","10.67.120.64","AP-505","48:b4:c3:cd:d9:c6"
"KKP-F2-02","10.8.5.164","AP-505","48:b4:c3:cd:44:52"
"KKP-F3-05","10.8.5.153","AP-505","48:b4:c3:cd:2a:e4"
"KKP-N2-05","10.8.5.130","AP-505","48:b4:c3:cd:3f:5c"
"KKP-F3-03","10.8.5.167","AP-505","48:b4:c3:cd:2e:32"
"KKP-E3-02","10.8.4.247","AP-505","48:b4:c3:cd:31:10"
"KKP-G5-06","10.8.4.186","AP-505","48:b4:c3:cd:33:5a"
"KKP-G2-04","10.8.5.39","AP-505","48:b4:c3:cd:3f:cc"
"KKP-E3-17","10.8.5.22","AP-505","d0:d3:e0:cb:43:82"
"KKP-F4-01","10.8.5.149","AP-505","48:b4:c3:cd:22:aa"
"KKP-E3-03","10.8.4.11","AP-505","48:b4:c3:cd:29:96"
"KKP-E3-11","10.8.4.82","AP-505","48:b4:c3:cd:2a:ce"
"KKP-G5-05","10.8.4.178","AP-505","48:b4:c3:cd:45:92"
"KKP-H3-07-AP2","10.8.5.26","AP-505","48:b4:c3:cd:2d:d0"
"KKP-E2-23-AP2","10.8.4.135","AP-505","48:b4:c3:cd:34:6e"
"KKP-J3-04","10.8.5.182","AP-505","48:b4:c3:cd:39:22"
"KKP-F1-05","10.8.5.163","AP-505","48:b4:c3:cd:1b:22"
"KKP-G3-07","10.8.4.103","AP-505","48:b4:c3:cd:27:b4"
"KKP-G2-07","10.8.5.25","AP-505","48:b4:c3:cd:2b:7a"
"KKP-E3-21","10.8.4.116","AP-505","48:b4:c3:cd:39:c2"
"KKP-G4-06","10.8.5.61","AP-505","48:b4:c3:cd:3f:92"
"KKP-E1-07-LOT-RUANG","10.8.4.150","AP-505","48:b4:c3:cd:11:20"
"KKP-G2-06","10.8.4.124","AP-505","48:b4:c3:cd:13:84"
"KKP-G5-04","10.8.5.27","AP-505","48:b4:c3:cd:14:c2"
"KKP-E3-05","10.8.4.107","AP-505","48:b4:c3:cd:27:2a"
"KKP-E3-15","10.8.4.66","AP-505","48:b4:c3:cd:32:fc"
"KKP-G4-02","10.8.5.31","AP-505","48:b4:c3:cd:1c:6a"
"KKP-J4-01","10.8.5.187","AP-505","48:b4:c3:cd:3d:64"
"FPTP-J-602-01-Bilik_Pensyarah","10.8.4.219","AP-303","b8:3a:5a:c6:e4:ec"
"C6-005B Makmal Penjanaan Kuasa","10.8.25.177","AP-303","b8:3a:5a:c6:f5:16"
"FKAAB-M-101A-BMembaca-Pelajar","10.8.7.36","AP-505","48:b4:c3:cd:3e:76"
"FK-R2-L1-AP08","10.67.57.169","AP-515","54:d7:e3:cd:07:2c"
"D7-GF-AP07","10.61.206.154","AP-515","54:d7:e3:cd:42:64"
"C14a-PENTAS-AP02","10.8.25.77","AP-515","54:d7:e3:cd:3a:0e"
"KKP-E2-04","10.8.5.55","AP-505","48:b4:c3:cd:3f:58"
"KKP-J1-03","10.8.5.172","AP-505","48:b4:c3:cd:1e:ca"
"KKP-E2-07","10.8.4.254","AP-505","48:b4:c3:cd:1f:24"
"KKP-H2-02","10.8.4.174","AP-505","48:b4:c3:cd:44:a0"
"KKP-G1-02","10.8.4.36","AP-505","48:b4:c3:cc:7e:b6"
"KKP-G4-03","10.8.5.34","AP-505","48:b4:c3:cd:27:ac"
"KKP-E2-24","10.8.5.58","AP-505","48:b4:c3:cd:3a:30"
"KKP-E2-20","10.8.4.3","AP-505","48:b4:c3:cd:1f:a2"
"KKP-G2-01","10.8.4.13","AP-505","48:b4:c3:cd:21:80"
"KKP-E2-22","10.8.4.245","AP-505","48:b4:c3:cd:21:aa"
"KKP-E3-01","10.8.4.249","AP-505","48:b4:c3:cd:28:98"
"KKP-G2-03","10.8.4.12","AP-505","48:b4:c3:cd:1f:0c"
"KKP-G5-07","10.8.4.181","AP-505","48:b4:c3:cd:2c:a2"
"KKP-N3-05","10.8.5.143","AP-505","48:b4:c3:cd:3b:f8"
"KKP-E2-14","10.8.4.251","AP-505","48:b4:c3:cd:1e:88"
"KKP-E3-08","10.8.4.242","AP-505","48:b4:c3:cd:28:00"
"KKP-H3-04","10.8.5.110","AP-505","48:b4:c3:cd:27:e6"
"KKP-J4-03","10.8.5.188","AP-505","48:b4:c3:cd:39:24"
"KKP-G4-04","10.8.4.185","AP-505","48:b4:c3:cd:24:66"
"KKP-E2-06","10.8.5.166","AP-505","48:b4:c3:cd:41:f8"
"KKP-H3-02","10.8.5.113","AP-505","48:b4:c3:cd:17:b8"
"KKP-E2-01","10.8.4.255","AP-505","48:b4:c3:cd:21:fa"
"KKP-E2-03","10.8.4.238","AP-505","48:b4:c3:cd:13:14"
"KKP-G3-06","10.8.4.111","AP-505","48:b4:c3:cd:35:e2"
"KKP-G3-05","10.8.4.180","AP-505","48:b4:c3:cd:3e:be"
"KKP-G5-02","10.8.4.183","AP-505","48:b4:c3:cd:21:e2"
"KKP-E3-19","10.8.4.45","AP-505","48:b4:c3:cd:37:3c"
"KKP-G1-05","10.8.5.35","AP-505","48:b4:c3:cc:4a:7e"
"KKP-E1-11-Mini-Library","10.8.4.155","AP-505","48:b4:c3:cd:14:64"
"KKP-E2-21","10.8.5.48","AP-505","48:b4:c3:cd:1f:12"
"KKP-N4-05","10.8.5.135","AP-505","48:b4:c3:cc:5f:10"
"KKP-G1-03","10.8.4.19","AP-505","48:b4:c3:cc:53:10"
"KKP-N3-02","10.8.5.125","AP-505","48:b4:c3:cd:16:06"
"KKP-E2-16","10.8.4.241","AP-505","48:b4:c3:cd:23:02"
"KKP-J1-04","10.8.5.169","AP-505","48:b4:c3:cd:39:5e"
"KKP-E3-07","10.8.4.130","AP-505","48:b4:c3:cd:44:08"
"KKP-G1-04","10.8.5.20","AP-505","48:b4:c3:cc:29:6c"
"KKP-G3-08","10.8.5.37","AP-505","48:b4:c3:cd:1c:0a"
"KKP-E1-09-Blk-Stor","10.8.5.1","AP-505","48:b4:c3:cd:31:a0"
"KKP-E2-02","10.8.4.235","AP-505","48:b4:c3:cd:3e:08"
"KKP-E3-10","10.8.4.7","AP-505","48:b4:c3:cd:40:40"
"KKP-E3-04","10.8.4.240","AP-505","48:b4:c3:cd:12:04"
"KKP-G4-07","10.8.4.95","AP-505","48:b4:c3:cd:1b:da"
"KKP-F3-01","10.8.5.9","AP-505","48:b4:c3:cd:24:7c"
"KKP-E3-13","10.8.4.108","AP-505","48:b4:c3:cd:33:ba"
"KKP-E3-14","10.8.5.161","AP-505","48:b4:c3:cd:45:a0"
"KKP-E2-11","10.8.4.252","AP-505","48:b4:c3:cd:25:ac"
"KKP-G2-02","10.8.4.182","AP-505","48:b4:c3:cd:2f:aa"
"KKP-J3-01","10.8.5.179","AP-505","48:b4:c3:cd:33:54"
"KKP-E1-03-Sport-Centre","10.8.4.159","AP-505","48:b4:c3:cd:3c:80"
"KKP-G5-01","10.8.5.2","AP-505","48:b4:c3:cd:3d:32"
"KKP-E3-20","10.8.4.109","AP-505","48:b4:c3:cd:17:5a"
"KKP-E2-08","10.8.4.22","AP-505","48:b4:c3:cd:46:a6"
"KKP-J1-01","10.8.5.173","AP-505","48:b4:c3:cd:31:62"
"KKP-F4-04","10.8.5.158","AP-505","48:b4:c3:cd:32:fe"
"KKP-F1-03","10.8.5.160","AP-505","48:b4:c3:cd:24:b6"
"KKP-H2-08-AP2","10.8.5.119","AP-505","48:b4:c3:cd:22:c2"
"KKP-E3-23-AP1","10.8.5.38","AP-505","48:b4:c3:cd:24:8c"
"KKP-H3-06","10.8.5.29","AP-505","48:b4:c3:cd:45:04"
"KKP-F4-03","10.8.5.155","AP-505","48:b4:c3:cd:32:cc"
"KKP-E1-05-Blk-SCIR","10.8.4.158","AP-505","48:b4:c3:cd:24:ae"
"KKP-E2-19","10.8.4.234","AP-505","48:b4:c3:cd:34:d2"
"KKP-N2-02","10.8.5.124","AP-505","48:b4:c3:cd:38:8e"
"KKP-G4-01","10.8.5.43","AP-505","48:b4:c3:cd:3c:54"
"KKP-E2-10","10.8.4.2","AP-505","48:b4:c3:cd:3a:ae"
"KKP-N4-03","10.8.5.128","AP-505","48:b4:c3:cc:36:ce"
"KKP-F2-01","10.8.5.145","AP-505","48:b4:c3:cd:3c:ea"
"KKP-G2-08","10.8.4.93","AP-505","48:b4:c3:cd:2a:9a"
"KKP-E1-04-PALAPES","10.8.4.151","AP-505","48:b4:c3:cd:3c:ba"
"KKP-E2-15","10.8.4.79","AP-505","48:b4:c3:cd:3d:e0"
"KKP-E3-22","10.8.5.134","AP-505","48:b4:c3:cd:43:b2"
"KKP-J3-02","10.8.5.180","AP-505","48:b4:c3:cd:46:96"
"KKP-E2-17","10.8.4.253","AP-505","48:b4:c3:cd:2c:16"
"KKP-F2-04","10.8.5.146","AP-505","48:b4:c3:cd:40:2c"
"KKP-F1-02","10.8.5.159","AP-505","48:b4:c3:cd:43:7a"
"KKP-H2-01","10.8.5.13","AP-505","48:b4:c3:cd:11:bc"
"KKP-H3-01","10.8.5.117","AP-505","48:b4:c3:cd:12:f4"
"KKP-G2-05","10.8.5.82","AP-505","48:b4:c3:cd:16:02"
"KKP-E2-18","10.8.4.248","AP-505","48:b4:c3:cd:1c:14"
"KKP-H-Surau","10.8.4.170","AP-505","48:b4:c3:cd:3f:e0"
"FKAAB-M-802-04-Studio-Grafik","10.67.120.65","AP-505","48:b4:c3:cd:e6:60"
"KKP-H3-08-AP2","10.8.5.30","AP-505","48:b4:c3:cd:15:04"
"KKP-G1-08","10.8.5.33","AP-505","48:b4:c3:cd:2d:5a"
"KKP-H-Mkml-Komputer-AP2","10.8.4.172","AP-505","48:b4:c3:cd:31:d4"
"KKP-F4-05","10.8.5.157","AP-505","48:b4:c3:cd:3b:ba"
"KKP-E2-13","10.8.5.60","AP-505","48:b4:c3:cd:3c:88"
"KKP-F1-01","10.8.5.162","AP-505","48:b4:c3:cd:21:40"
"KKP-E1-02-DOBI","10.8.4.156","AP-505","48:b4:c3:cd:2a:6e"
"KKP-G3-02","10.8.5.28","AP-505","48:b4:c3:cd:2a:c6"
"KKP-G3-04","10.8.4.112","AP-505","48:b4:c3:cd:2f:48"
"KKP-N1-01","10.8.5.127","AP-505","48:b4:c3:cd:39:04"
"KKP-E3-18","10.8.4.125","AP-505","48:b4:c3:cd:44:2a"
"KKP-F4-02","10.8.5.156","AP-505","48:b4:c3:cd:28:70"
"KKP-J2-01-AP1","10.8.5.170","AP-505","48:b4:c3:cd:39:c0"
"KKP-H2-07-AP2","10.8.5.109","AP-505","48:b4:c3:cd:39:cc"
"KKP-H2-06","10.8.5.105","AP-505","48:b4:c3:cd:3a:a4"
"KKP-H3-08-AP1","10.8.5.36","AP-505","48:b4:c3:cd:44:e6"
"KKP-J1-02","10.8.5.175","AP-505","48:b4:c3:cd:1f:38"
"KKP-J3-05","10.8.5.183","AP-505","48:b4:c3:cd:34:ac"
"KKP-E3-16","10.8.4.62","AP-505","48:b4:c3:cd:3e:0e"
"KKP-N1-02","10.8.5.136","AP-505","48:b4:c3:cd:45:26"
"KKP-H-Blk-Aktiviti-DPBP-Luar","10.8.4.173","AP-505","48:b4:c3:cd:17:00"
"KKP-N3-04","10.8.5.141","AP-505","48:b4:c3:cd:19:f2"
"KKP-F1-04","10.8.5.165","AP-505","48:b4:c3:cd:1e:f4"
"KKP-H-Blk-Aktiviti-DPBP","10.8.4.169","AP-505","48:b4:c3:cd:22:30"
"KKP-N3-01","10.8.5.138","AP-505","48:b4:c3:cd:24:b8"
"KKP-J2-03","10.8.5.176","AP-505","48:b4:c3:cd:2b:e2"
"D5-CAFÉ-AP03","10.60.34.148","AP-515","54:d7:e3:cd:4b:14"
"D5-CAFÉ-AP02","10.60.34.61","AP-515","54:d7:e3:cd:39:3c"
"","10.60.34.151","AP-515","54:d7:e3:cd:1e:24"
"D5-CAFÉ-AP06","10.60.34.222","AP-515","54:d7:e3:cd:1b:bc"
"D5-CAFÉ-AP05","10.60.35.51","AP-515","54:d7:e3:cd:0b:f6"
"","10.60.34.206","AP-515","54:d7:e3:cd:1a:2a"
"KKTSN-PEJABAT-1","10.60.33.26","AP-505","34:3a:20:c3:02:ae"
"KKTSN-CAFÉ-1","10.60.34.47","AP-505","34:3a:20:c3:12:02"
"KKTSN-CAFÉ-2","10.60.34.76","AP-505","34:3a:20:c3:01:98"
"KKTSN-BILIK-MESYUARAT","10.60.34.165","AP-505","48:b4:c3:ce:df:6a"
"D2-C-AP06","10.8.4.104","AP-515","54:d7:e3:cd:4d:bc"
"KKTSN-L3-C322","10.8.4.117","AP-505","34:3a:20:c2:d7:60"
"D2-C-AP11","10.8.4.34","AP-515","54:d7:e3:cd:1d:34"
"KKTSN-L3-A308","10.8.4.54","AP-505","34:3a:20:c3:46:68"
"D2-C-AP18","10.8.5.19","AP-515","54:d7:e3:cd:29:f6"
"D2-A-AP10","10.8.4.223","AP-515","54:d7:e3:cd:48:c2"
"KKTSN-L2-B222","10.8.4.28","AP-505","20:9c:b4:c1:f0:bc"
"KKTSN-L2-A204","10.8.4.65","AP-505","34:3a:20:c3:05:aa"
"KKTSN-GF-C026","10.8.5.49","AP-505","48:b4:c3:cb:d0:b6"
"D2-C-AP02","10.8.4.101","AP-515","54:d7:e3:cd:1d:4e"
"D2-C-AP20","10.8.5.15","AP-515","54:d7:e3:cd:26:7e"
"D2-A-AP01","10.8.4.218","AP-515","54:d7:e3:cd:41:e2"
"D2-C-AP12","10.8.4.33","AP-515","54:d7:e3:cd:28:56"
"KKTSN-L3-A326","10.8.4.61","AP-505","34:3a:20:c3:13:fe"
"D2-C-AP13","10.8.4.60","AP-515","54:d7:e3:cd:44:12"
"D2-C-AP07","10.8.4.207","AP-515","54:d7:e3:cd:41:da"
"KKTSN-L2-A226","10.8.4.129","AP-505","34:3a:20:c2:c5:38"
"D2-A-AP03","10.8.5.59","AP-515","54:d7:e3:cd:47:44"
"D2-B-AP09","10.8.4.147","AP-515","54:d7:e3:cd:55:28"
"KKTSN-L1-A112","10.8.4.43","AP-505","48:b4:c3:ce:f1:14"
"D2-B-AP03","10.8.4.231","AP-515","54:d7:e3:cc:fe:ba"
"D2-C-AP22","10.8.4.83","AP-515","54:d7:e3:cd:02:88"
"D2-C-AP09","10.8.4.32","AP-515","54:d7:e3:cd:18:2e"
"Pos-Pengawal-1-Utama-AP315","10.8.23.108","AP-315","24:f2:7f:c2:dc:26"
"RECESS","10.8.205.66","AP-315","24:f2:7f:c1:c1:7e"
"LIB6-L4-IQRA37","10.63.68.162","AP-505","48:b4:c3:cd:cd:08"
"Kabin Pemandu","10.60.34.38","AP-303","b8:3a:5a:c6:ee:3c"
"A4-102-Pejabat-CAD-AP315","10.60.33.57","AP-315","24:f2:7f:c3:0e:2e"
"KKTSN-PEJABAT-2","10.60.33.41","AP-505","34:3a:20:c2:f3:96"
"D2-C-AP15","10.8.5.190","AP-515","54:d7:e3:cd:4d:26"
"KKTSN-GF-C008","10.8.4.96","AP-505","34:3a:20:c2:e0:fe"
"KKTSN-GF-A012","10.8.4.38","AP-505","34:3a:20:c3:23:ca"
"D2-A-AP05","10.8.4.215","AP-515","54:d7:e3:cd:27:e8"
"D2-B-AP06","10.8.4.162","AP-515","54:d7:e3:cd:30:2a"
"D2-C-AP03","10.8.4.6","AP-515","54:d7:e3:cd:09:9e"
"D2-B-AP23","10.8.4.145","AP-515","54:d7:e3:cd:0b:64"
"D2-B-AP10","10.8.4.164","AP-515","54:d7:e3:cd:15:a6"
"KKTSN-GF-B012","10.8.4.128","AP-505","34:3a:20:c3:63:bc"
"D2-C-AP23","10.8.4.59","AP-515","44:12:44:c8:44:fe"
"D2-C-AP04","10.8.4.157","AP-515","54:d7:e3:cd:04:2a"
"D2-C-AP10","10.8.4.31","AP-515","54:d7:e3:cd:06:a6"
"D2-B-AP02","10.8.4.224","AP-515","54:d7:e3:cd:34:88"
"D8-001A-Pejabat_Pusat _Sukan_Depan","10.8.4.206","AP-505","a8:5b:f7:c3:f1:d6"
"KKTSN-L3-C312","10.8.4.97","AP-505","34:3a:20:c3:12:38"
"KKTSN-GF-C022","10.8.4.106","AP-505","34:3a:20:c3:4e:7e"
"D2-B-AP24","10.8.4.153","AP-515","54:d7:e3:cd:4f:c6"
"D2-C-AP24","10.8.5.131","AP-515","54:d7:e3:cd:15:08"
"D2-B-AP08","10.8.4.144","AP-515","54:d7:e3:cd:32:38"
"KKTSN-GF-A018","10.8.4.55","AP-505","34:3a:20:c3:1e:06"
"D2-C-AP14","10.8.4.91","AP-515","54:d7:e3:cd:17:a6"
"KKTSN-L1-C118","10.8.4.126","AP-505","34:3a:20:c2:e5:2a"
"KKTSN-GF-A026","10.8.4.41","AP-505","34:3a:20:c2:fb:8e"
"D2-A-AP04","10.8.4.232","AP-515","54:d7:e3:cd:0e:8a"
"D2-B-AP07","10.8.4.161","AP-515","54:d7:e3:cd:2b:98"
"KKTSN-GF-A022","10.8.4.57","AP-505","34:3a:20:c2:fd:74"
"KKTSN-L2-C226","10.8.4.122","AP-505","34:3a:20:c3:39:a8"
"D2-A-AP07","10.8.4.141","AP-515","54:d7:e3:cd:0b:b4"
"KKTSN-L2-A212","10.8.4.49","AP-505","34:3a:20:c2:dc:b8"
"D2-C-AP05","10.8.4.58","AP-515","54:d7:e3:cd:05:a6"
"D2-A-AP08","10.8.4.220","AP-515","54:d7:e3:cd:3d:98"
"D2-B-AP04","10.8.4.229","AP-515","54:d7:e3:cd:43:fa"
"KKTSN-L3-A312","10.8.4.48","AP-505","34:3a:20:c3:33:0e"
"KKTSN-L3-C308","10.8.4.121","AP-505","34:3a:20:c2:f4:4e"
"KKTSN-L1-A104","10.8.4.37","AP-505","34:3a:20:c2:f3:82"
"KKTSN-L3-C304","10.8.4.110","AP-505","34:3a:20:c3:1a:22"
"KKTSN-L2-C222","10.8.4.94","AP-505","34:3a:20:c3:44:12"
"KKTSN-L3-A304","10.8.4.51","AP-505","34:3a:20:c3:65:f2"
"KKTSN-L2-B226","10.8.4.26","AP-505","34:3a:20:cc:5f:cc"
"KKTSN-GF-A004","10.8.4.42","AP-505","34:3a:20:c3:33:b6"
"KKTSN-L1-A126","10.8.4.44","AP-505","34:3a:20:c3:3e:d8"
"KKTSN-L3-B304","10.8.4.87","AP-505","34:3a:20:c2:cd:c2"
"KKTSN-L1-C122","10.8.4.99","AP-505","34:3a:20:c2:e2:b2"
"KKTSN-L3-B312","10.8.4.72","AP-505","34:3a:20:c2:ff:b6"
"KKTSN-GF-B018","10.8.4.74","AP-505","34:3a:20:c3:4d:1c"
"KKTSN-L1-A118","10.8.4.53","AP-505","34:3a:20:c3:63:f2"
"KKTSN-GF-C018","10.8.4.114","AP-505","34:3a:20:c3:68:a2"
"KKTSN-L2-C204","10.8.4.140","AP-505","34:3a:20:c2:cd:4e"
"KKTSN-GF-B022","10.8.4.77","AP-505","34:3a:20:c3:30:c0"
"KKTSN-L1-B126","10.8.5.17","AP-505","6c:c4:9f:ce:73:b8"
"D2-C-AP26","10.8.5.148","AP-515","54:d7:e3:cd:25:bc"
"D6-004A-FELO-TSN-HD4-AP305","10.8.4.190","AP-305","d0:15:a6:c3:36:e8"
"D6-106A-FELO-TSN-HD6-AP305","10.8.5.54","AP-305","d0:15:a6:c3:70:44"
"D6-002A-FELO-TSN-HD2-AP305","10.8.4.166","AP-305","d0:15:a6:c3:48:6c"
"D6-108A-FELO-TSN-HD8-AP305","10.8.4.199","AP-305","d0:15:a6:c3:66:1e"
"KKTSN-L3-C318","10.8.4.139","AP-505","34:3a:20:c3:19:fc"
"D2-C-AP25","10.8.4.89","AP-515","54:d7:e3:cd:08:d0"
"PALAPES-PEJABAT_AM","10.8.207.137","AP-315","24:f2:7f:c1:c1:76"
"PALAPES-Kabin Bilik Gerakan","10.60.28.201","AP-303","b8:3a:5a:c6:f7:ce"
"RUMAH-PENGETUA-TF-AP315","10.60.29.79","AP-315","24:f2:7f:c3:0e:5c"
"Recess-Blkg","10.60.30.68","AP-303","b8:3a:5a:c6:ef:18"
"RELASIS (pejabat)","10.60.25.176","AP-303","b8:3a:5a:c6:da:64"
"SISPA-AP315","10.60.29.183","AP-315","e8:26:89:cf:79:f2"
"Kabin-5-Beruniform-Depan","10.60.27.50","AP-505","6c:c4:9f:c9:cb:0e"
"Kabin-5-Beruniform-Belakang","10.60.27.49","AP-505","6c:c4:9f:c9:dc:86"
"LIB21-GF-BT2-BK2-Aeronautik-AP2","10.63.52.246","AP-505","48:b4:c3:cd:36:a4"
"LIB29-GF-L-003-Lift-Canselor","10.63.52.252","AP-505","48:b4:c3:cd:39:6e"
"KKTSN-L3-A322","10.8.4.39","AP-505","34:3a:20:c3:25:c2"
"D2-A-AP09","10.8.4.233","AP-515","54:d7:e3:cd:25:76"
"KKTSN-L1-A108","10.8.4.56","AP-505","34:3a:20:c2:ec:52"
"KKTSN-L1-C108","10.8.4.118","AP-505","34:3a:20:c2:f5:00"
"KKTSN-L1-B104","10.8.4.86","AP-505","34:3a:20:c3:23:00"
"KKTSN-L2-C212","10.8.4.119","AP-505","34:3a:20:c3:48:1c"
"LIB37-GF-L-021-BT8-AP2","10.63.20.156","AP-505","48:b4:c3:cc:3a:e6"
"LIB1-L4-Koridor-Ruang-Bacaan","10.63.36.22","AP-505","48:b4:c3:cd:c8:94"
"PERPUSTAKAAN-L-101-04-Pejabat _Aras1_Belakang","10.63.25.120","AP-505","a8:5b:f7:c3:ee:34"
"LIB24-GF-Dewan-Kuliah1-AP1(H)","10.63.52.238","AP-555","a8:5b:f7:c8:69:b7"
"LIB25-GF-L-001A-Bilik-Seminar1-AP2","10.63.52.244","AP-505","48:b4:c3:cd:42:e0"
"LIB17-L4-Koridor-Ruang-Bacaan","10.63.36.5","AP-505","48:b4:c3:cd:9a:2a"
"LIB6-L3-L-325A-Bilik-Lestari2-AP2","10.63.36.35","AP-505","48:b4:c3:cd:bb:26"
"LIB9-L1-L-102-05A-Rujukan-Terhad-AP2","10.63.24.140","AP-505","48:b4:c3:cd:e8:24"
"DSI-RU-02-Koridor-Bilik-AV","10.63.45.120","AP-505","48:b4:c3:cd:d7:76"
"PERPUSTAKAAN-L-101-19-Pejabat_Aras1_Tengah2","10.63.25.122","AP-505","a8:5b:f7:c3:ae:8e"
"DSI-R-102-Bilik-Diraja-AP2","10.63.46.192","AP-505","48:b4:c3:cd:a2:06"
"LIB17-L1-L-01-06-Bilik-Bacaan-24Jam-AP1","10.63.24.115","AP-505","48:b4:c3:cd:a4:d8"
"LIB7-L5-L-510A-Jamuan-Eksekutif","10.63.68.186","AP-505","48:b4:c3:cd:a7:84"
"LIB4-L4-IQRA30","10.63.36.19","AP-505","48:b4:c3:cd:a7:e8"
"LIB3-L3-L-326B-Bilik-Lestari1-AP2","10.63.36.13","AP-505","48:b4:c3:cd:c8:f8"
"LIB11-L2-Koridor-Ruang-Bacaan","10.63.24.137","AP-505","48:b4:c3:cd:da:aa"
"LIB16-L2-IQRA17","10.63.24.169","AP-505","48:b4:c3:cd:ad:f0"
"LIB5-L2-Koridor-Koleksi-Bahan-Rujukan","10.63.24.138","AP-505","48:b4:c3:cd:da:1e"
"PERPUSTAKAAN-L-506A-Pejabat_Canselori_Aras5","10.63.42.111","AP-505","a8:5b:f7:c3:af:ea"
"LIB30-GF-Lobi-Utama-Taman","10.63.20.140","AP-505","48:b4:c3:cd:10:14"
"LIB8-L4-Koridor-Ruang-Bacaan","10.63.68.157","AP-505","48:b4:c3:cd:b3:26"
"DSI-R-102-Bilik-Diraja-AP1","10.63.46.177","AP-505","48:b4:c3:cd:ba:94"
"LIB7-L2-Koridor-BigStage-AP2(H)","10.63.24.161","AP-555","a8:5b:f7:c8:69:d8"
"LIB9-L4-Koridor-Ruang-Bacaan","10.63.68.164","AP-505","48:b4:c3:cd:af:6a"
"LIB10-L2-Koridor-Ruang-Bacaan","10.63.24.135","AP-505","48:b4:c3:cd:c1:a6"
"LIB7-L3-Koridor-Ruang-Bacaan","10.63.36.3","AP-505","48:b4:c3:cd:d2:aa"
"LIB5-L1-L-101-02-BPerkhidmatan-Pelanggan","10.63.24.144","AP-505","48:b4:c3:cd:9f:06"
"LIB13-L2-IQRA5","10.63.24.163","AP-505","48:b4:c3:cd:cd:7e"
"LIB1-L3-Koridor-Ruang-Bacaan","10.63.36.25","AP-505","48:b4:c3:cd:d2:c8"
"LIB19-L1-L-01-06-Bilik-Bacaan-24Jam-AP3","10.63.24.114","AP-505","48:b4:c3:cd:e7:9e"
"LIB2-L3-Koridor-Ruang-Bacaan","10.63.36.27","AP-505","48:b4:c3:cd:df:20"
"LIB35-GF-Dewan-Kuliah4-AP2","10.63.20.146","AP-505","48:b4:c3:cd:30:84"
"LIB17-L3-Koridor-Ruang-Bacaan(SisterZone)","10.63.36.31","AP-505","48:b4:c3:cd:a6:8e"
"LIB7-L4-IQRA52","10.63.68.153","AP-505","48:b4:c3:cd:db:9e"
"B8-theater1-AP305","10.8.54.54","AP-305","d0:15:a6:c3:6d:1c"
"B1-116-Bilik-Kuliah22","10.8.54.19","AP-505","48:b4:c3:cd:26:4a"
"QB-GF-AP02","10.69.52.15","AP-515","54:d7:e3:cd:39:88"
"QB-GF-AP07","10.69.52.18","AP-515","54:d7:e3:cd:02:cc"
"QB-GF-AP01","10.69.52.17","AP-515","54:d7:e3:cd:10:7c"
"QB-GF-AP03","10.69.52.14","AP-515","54:d7:e3:cd:37:d0"
"QB-GF-AP05","10.69.52.20","AP-515","54:d7:e3:cd:3d:50"
"QB-GF-AP08","10.69.52.13","AP-515","54:d7:e3:cd:53:3e"
"FKEE-QB-023B","10.69.52.27","AP-303","b8:3a:5a:c6:d9:ce"
"FKEE-QB-005C","10.69.52.26","AP-303","b8:3a:5a:c6:da:ee"
"FKEE-QB-006A","10.69.52.23","AP-303","b8:3a:5a:c6:de:68"
"FKEE-QB-023A","10.69.52.25","AP-303","b8:3a:5a:c6:d6:44"
"FKEE-QB-007-03","10.69.52.24","AP-303","b8:3a:5a:c6:df:28"
"QB-L2-AP09","10.69.60.45","AP-515","54:d7:e3:cd:53:70"
"QB-L1-AP03","10.69.57.17","AP-515","54:d7:e3:cd:34:9c"
"QB-L2-AP10","10.69.60.46","AP-515","54:d7:e3:cd:3e:5e"
"QB-L2-AP04","10.69.60.49","AP-515","54:d7:e3:cd:4d:92"
"QB-L1-AP05","10.69.57.19","AP-515","54:d7:e3:cd:1f:e2"
"FKEE-QB-214","10.69.60.29","AP-303","b8:3a:5a:c6:d5:da"
"FKEE-QB-206-AP2","10.69.60.32","AP-303","b8:3a:5a:c6:d6:9a"
"QB-L2-AP07","10.69.60.48","AP-515","54:d7:e3:cd:4b:60"
"QB-L1-AP02","10.69.57.16","AP-515","54:d7:e3:cd:3b:fe"
"QB-L2-AP01","10.69.60.39","AP-515","54:d7:e3:cd:21:aa"
"QB-L2-AP11","10.69.60.47","AP-515","54:d7:e3:cd:1f:c8"
"FKEE-QB-203B-Bilik_Seminar","10.69.60.22","AP-303","b8:3a:5a:c6:fa:d6"
"FKEE-QB-202A","10.69.60.21","AP-303","b8:3a:5a:c6:d6:a4"
"FKEE-QB-209E","10.69.60.31","AP-303","b8:3a:5a:c6:dc:86"
"QB-L2-AP06","10.69.60.43","AP-515","54:d7:e3:cd:21:26"
"FKEE-QB-209B","10.69.60.23","AP-303","b8:3a:5a:c6:de:80"
"FKEE-QB-205A","10.69.60.27","AP-303","b8:3a:5a:c6:f5:4c"
"QB-L1-AP01","10.69.57.15","AP-515","54:d7:e3:cd:31:34"
"FKEE-QB-212A","10.69.60.25","AP-303","b8:3a:5a:c6:d9:94"
"QB-L2-AP08","10.69.60.44","AP-515","54:d7:e3:cd:4d:da"
"A1-DTMI-AP03","10.8.20.158","AP-515","54:d7:e3:cc:fc:ca"
"A1-DTMI-AP01","10.8.21.171","AP-515","54:d7:e3:cd:38:e8"
"A1-DTMI-AP04","10.8.20.222","AP-515","54:d7:e3:cd:2d:46"
"A1-DTMI-AP05","10.8.23.132","AP-515","54:d7:e3:cd:3b:78"
"A1-DTMI-AP02","10.8.21.250","AP-515","54:d7:e3:cd:1b:56"
"B8-theater2-AP305","10.8.54.55","AP-305","d0:15:a6:c3:73:36"
"FKEE-QB-209F","10.69.60.26","AP-303","b8:3a:5a:c6:df:96"
"FKEE-QB-213A","10.69.60.28","AP-303","b8:3a:5a:c6:f8:d0"
"FKEE-QB-206","10.69.60.30","AP-303","b8:3a:5a:c6:ef:7a"
"QB-L2-AP02","10.69.60.40","AP-515","54:d7:e3:cd:0b:ee"
"QB-L2-AP05","10.69.60.41","AP-515","54:d7:e3:cd:1e:4e"
"QB-L2-AP03","10.69.60.42","AP-515","54:d7:e3:cd:49:c4"
"FKEE-QB-209D","10.69.60.24","AP-303","b8:3a:5a:c6:f4:a0"
"QB-L1-AP04","10.69.57.18","AP-515","54:d7:e3:cd:20:22"
"PERPUSTAKAAN-L-225-12B-Blk_Mesyuarat_Aras2","10.63.30.109","AP-505","a8:5b:f7:c3:f6:aa"
"PERPUSTAKAAN-L-225-05-Pejabat_Aras2_Tengah","10.63.30.108","AP-505","a8:5b:f7:c3:cd:12"
"PERPUSTAKAAN-L-223B-Makmal-Komputer-Aras-2","10.63.30.111","AP-505","a8:5b:f7:c4:09:c8"
"PERPUSTAKAAN-L-225-10-Pejabat-Pentadbiran-Aras-2","10.63.30.110","AP-505","a8:5b:f7:c3:b6:f8"
"PPP-S-002A-Pejabat_Pembangunan_Depan","10.63.45.154","AP-505","a8:5b:f7:c3:d8:2c"
"PPP-Tasik-Unit-Pembangunan-AP315","10.63.24.192","AP-315","24:f2:7f:c3:10:b2"
"PPP-Bilik_Perbincangan","10.63.45.139","AP-505","a8:5b:f7:c3:c1:44"
"PPP-AP08","10.63.44.5","AP-515","54:d7:e3:cd:08:4c"
"PPP-AP09","10.63.46.88","AP-515","54:d7:e3:cd:47:04"
"PPP-AP07","10.63.46.33","AP-515","54:d7:e3:cd:47:00"
"Bmesyuarat-kecil-PPH-Tasik-AP315","10.63.24.185","AP-315","24:f2:7f:c3:10:46"
"PPP-Bilik_Mesyuarat","10.63.45.162","AP-505","a8:5b:f7:c3:d1:b0"
"PPP-AP10","10.63.46.83","AP-515","54:d7:e3:cd:44:02"
"PPP-S-002A-Pejabat_Pembangunan_Belakang","10.63.45.155","AP-505","a8:5b:f7:c3:e8:22"
"Masjid-i-006A-Pej-Pusat-Islam-AP1","10.63.76.8","AP-505","48:b4:c3:cd:2d:46"
"PPH-Tasik-Bahagian-Tengah-Kolam-AP315","10.63.24.180","AP-315","24:f2:7f:c3:0e:64"
"PPP-AP03","10.63.44.59","AP-515","44:12:44:c8:1c:72"
"PPP-AP01","10.63.24.209","AP-515","54:d7:e3:cd:0b:6c"
"PPP-S-001A-Pejabat_Fasiliti_ruangdepan","10.63.45.152","AP-505","a8:5b:f7:c4:04:04"
"PPP-AP04","10.63.44.253","AP-515","54:d7:e3:cd:41:c8"
"PPP-Tasik-Unit-Fasiliti-AP315","10.63.44.47","AP-315","e8:26:89:cf:7c:da"
"PPP-AP06","10.63.44.140","AP-515","54:d7:e3:cd:08:1a"
"PPP-AP02","10.63.45.210","AP-515","54:d7:e3:cd:39:54"
"PPP-S-001A-Pejabat_Fasiliti_Lorongdepan","10.63.45.151","AP-505","a8:5b:f7:c3:e6:44"
"PPP-AP05","10.63.46.22","AP-515","54:d7:e3:cd:27:d0"
"A5-001A-PTM-URS","10.8.24.204","AP-505","48:b4:c3:cd:19:ba"
"F6-01-012B-Pejabat-ICC-AP2","10.8.23.64","AP-505","48:b4:c3:cd:12:66"
"F6-01-015A-Pejabat-RMC-AP1","10.8.23.5","AP-505","48:b4:c3:cd:22:72"
"F6u-01-001-Koridor-Lobi","10.8.23.116","AP-505","48:b4:c3:cd:1b:de"
"F6-01-005A-Geoteknik","10.8.23.102","AP-505","48:b4:c3:cd:40:ee"
"F6-01-004A-Geoteknik-Persekitaran","10.8.23.40","AP-505","48:b4:c3:cd:33:d2"
"E9-002-Elektrik-Industri-AP1","10.60.28.14","AP-505","48:b4:c3:cd:26:54"
"E9-002-Elektrik-Industri-AP2","10.60.31.111","AP-505","48:b4:c3:cd:15:aa"
"FSKTM-PC-106B-Pengatucaraan-AP2","10.60.31.62","AP-505","48:b4:c3:cd:1f:da"
"E9-002-02C-Elektrik-Industri-AP3","10.60.29.52","AP-505","48:b4:c3:cd:3e:8a"
"F1-PEJ_WARAS-AP315","10.60.28.95","AP-315","e8:26:89:cf:7e:36"
"PEJ_WARAS_2","10.60.62.154","AP-303","b8:3a:5a:c6:fa:90"
"KKP-M3-04","10.8.5.97","AP-505","48:b4:c3:cc:2d:04"
"KKP-M1-03","10.8.5.85","AP-505","48:b4:c3:cd:17:30"
"KKP-M3-01","10.8.5.93","AP-505","48:b4:c3:cc:1b:8c"
"KKP-M3-02","10.8.5.94","AP-505","48:b4:c3:cc:86:be"
"KKP-M1-05","10.8.5.87","AP-505","48:b4:c3:cd:1e:18"
"KKP-M2-05","10.8.5.92","AP-505","48:b4:c3:cc:1f:7a"
"KKP-M2-01","10.8.5.88","AP-505","48:b4:c3:cc:7f:56"
"KKP-M2-02","10.8.5.89","AP-505","48:b4:c3:cc:20:62"
"KKP-M2-04","10.8.5.91","AP-505","48:b4:c3:cc:81:7a"
"KKP-M4-02","10.8.5.99","AP-505","48:b4:c3:cd:2f:96"
"KKP-M4-01","10.8.5.98","AP-505","48:b4:c3:cd:21:e4"
"KKP-M4-04","10.8.5.102","AP-505","48:b4:c3:cd:35:10"
"KKP-M3-05","10.8.5.104","AP-505","48:b4:c3:cc:34:aa"
"KKP-M3-03","10.8.5.101","AP-505","48:b4:c3:cc:4c:da"
"KKP-M4-05","10.8.5.103","AP-505","48:b4:c3:cd:0f:e6"
"KKP-M4-03","10.8.5.96","AP-505","48:b4:c3:cd:22:f6"
"KKP-M1-01","10.8.5.84","AP-505","48:b4:c3:cd:15:12"
"KKP-M1-04","10.8.5.86","AP-505","48:b4:c3:cd:18:82"
"KKP-M1-02","10.8.5.83","AP-505","48:b4:c3:cd:17:1a"
"KKP-M2-03","10.8.5.90","AP-505","48:b4:c3:cc:52:f0"
"F4-EMC-AP303","10.8.4.146","AP-303","b8:3a:5a:c6:de:0c"
"x2-MKML_WARAS-F1-001-AP315","10.60.31.155","AP-315","24:f2:7f:c2:d9:ea"
"F6-01-015B-Pejabat-RMC-AP2","10.8.23.106","AP-505","48:b4:c3:cd:15:de"
"F6-01-014-Koridor-Pantri-RMC","10.8.23.61","AP-505","48:b4:c3:cd:34:24"
"F6-01-008A-SMART","10.8.23.142","AP-505","48:b4:c3:cd:39:9e"
"F6-01-007A-SPEN","10.8.23.63","AP-505","48:b4:c3:cd:34:62"
"F6-01-001A-DMT-AP2","10.8.23.149","AP-505","48:b4:c3:cd:38:36"
"F6-01-001A-DMT-AP1","10.8.21.232","AP-505","48:b4:c3:cd:34:32"
"F6-04-001-Ruang-Siswazah-AP2","10.8.23.34","AP-505","48:b4:c3:cd:40:52"
"F6-04-005B-Pejabat-Siswazah-AP2","10.8.23.133","AP-505","48:b4:c3:cd:3c:aa"
"F6-04-001-Ruang-Siswazah-AP1","10.8.23.74","AP-505","48:b4:c3:cd:22:ca"
"F6-04-005A-Pejabat-Siswazah-AP1","10.8.20.28","AP-505","48:b4:c3:cd:13:f6"
"E3(Bilik pensyarah)lorong tengah","10.8.206.46","AP-315","24:f2:7f:c1:c1:82"
"C18-Kafeteria-Arked","10.61.32.158","AP-315","e8:26:89:cf:80:8e"
"E16-308A/B-Seri-Siantan-AP1","10.61.45.207","AP-505","48:b4:c3:cd:2d:90"
"E16-308A_B-Seri-Siantan-AP2","10.61.45.199","AP-505","48:b4:c3:cd:36:90"
"E16-Aras3-Ruang-Jamuan","10.61.45.164","AP-505","48:b4:c3:cd:45:76"
"E16-106A-Seri-Teratai-AP2","10.61.40.160","AP-505","48:b4:c3:cd:31:e0"
"E16-201-03-PBincngn-Smber-Manusia","10.61.43.191","AP-505","48:b4:c3:cd:26:a6"
"E16-106A-Seri-Teratai-AP1","10.61.42.169","AP-505","48:b4:c3:cd:38:ee"
"E16-101A-BSetiausaha-Pendaftar","10.61.40.129","AP-505","48:b4:c3:cd:1b:d4"
"E16-002-Pej-Keselamatan","10.61.43.23","AP-505","48:b4:c3:cd:16:14"
"E16-001-05A-Arsbawah-Blk-Jubah","10.61.43.53","AP-505","48:b4:c3:cd:2a:94"
"E16-Arsbawah-Kaunter-Stor-Pusat","10.61.43.168","AP-505","48:b4:c3:cd:2f:88"
"E5-Bilik-PSYARAH-MA3","10.8.204.237","AP-315","24:f2:7f:c1:c4:00"
"SDRC (Blok E4)","10.60.31.139","AP-303","b8:3a:5a:c6:df:fa"
"E6-001A-Mkml-Bata-Tengah-Kiri","10.60.29.113","AP-505","48:b4:c3:cd:14:3e"
"E6-Bkuliah-Mkml-Bata-Atas","10.60.28.68","AP-505","48:b4:c3:cd:39:28"
"E6-001A-Mkml-Bata-Tengah-Kanan","10.60.29.173","AP-505","48:b4:c3:cd:19:12"
"E6-103-04-CGOL-MKomputer-Atas","10.60.29.76","AP-505","48:b4:c3:cd:1f:ae"
"E6-003-06-Pjbt-CGOL","10.60.31.192","AP-505","48:b4:c3:cd:26:f2"
"E6-002-05-Aircraft-Blk-Cockpit","10.60.30.39","AP-505","48:b4:c3:cd:3e:04"
"E6-102-02-Aircraft-Kor-BKalibrasi","10.60.31.100","AP-505","48:b4:c3:cd:30:06"
"E6-002B-Aircraft-Hub-Bawah","10.60.30.31","AP-505","48:b4:c3:cd:19:84"
"E6-002-06-Aircraft-Blk-NDT","10.60.29.66","AP-505","48:b4:c3:cd:38:6e"
"FPTV-KC-004A","10.8.6.55","AP-303","b8:3a:5a:c6:e3:3e"
"FPTV-KC-012B","10.66.52.205","AP-303","b8:3a:5a:c6:eb:42"
"FPTV-KC-014B","10.66.52.204","AP-303","b8:3a:5a:c6:f3:f6"
"E17-Siswazah_1","10.60.30.33","AP-303","b8:3a:5a:c6:e9:d8"
"E17-Siswazah_2","10.60.30.34","AP-303","b8:3a:5a:c6:e5:7e"
"DSI-R-002-01N-Penonton-Dewan-Kiri-AP1(H)","10.63.46.110","AP-555","a8:5b:f7:c8:69:33"
"A8-Pejabat_Am_Pusat_Sukan-AP315","10.60.30.65","AP-315","24:f2:7f:c3:0f:a4"
"FPTV-KD-022-07","10.8.7.198","AP-303","b8:3a:5a:c6:e4:da"
"FPTV-KD-010A","10.66.52.208","AP-303","b8:3a:5a:c6:e6:76"
"FPTV-KD-022-03","10.8.6.66","AP-303","b8:3a:5a:c6:dd:68"
"FPTV-KD-019-03B","10.66.52.210","AP-303","b8:3a:5a:c6:fe:7a"
"FPTV-KD-004A","10.66.52.206","AP-303","7c:57:3c:cd:aa:92"
"FPTV-KD-021A","10.8.6.13","AP-303","b8:3a:5a:c6:da:90"
"FPTV-KD-024","10.8.6.73","AP-303","b8:3a:5a:c6:e5:a8"
"FPTV-KD-007A","10.66.52.211","AP-303","b8:3a:5a:c6:db:72"
"FPTV-KD-019B","10.8.6.72","AP-303","b8:3a:5a:c6:e9:88"
"FPTV-KD-022A","10.8.6.78","AP-303","b8:3a:5a:c6:e3:66"
"FPTV-KC-004A-Elektrik","10.8.6.70","AP-505","48:b4:c3:cd:29:e6"
"FPTV-KD-024-01","10.66.52.209","AP-303","b8:3a:5a:c6:e7:00"
"FPTV-KC-0014A-Koridor-Makmal","10.8.6.158","AP-505","48:b4:c3:cd:12:3c"
"FPTV-KC-0014A-Teknologi-Elektrik","10.8.7.88","AP-505","48:b4:c3:cd:45:90"
"FSKTM-PB-201-08-Koridor-Pensyarah","10.65.60.192","AP-505","48:b4:c3:cd:c9:0c"
"FSKTM-PA-201A-Seminar1","10.65.60.190","AP-505","48:b4:c3:cd:a1:e8"
"FSKTM-PB-201-06-Ruang-BPenyelidik","10.65.60.191","AP-505","48:b4:c3:cd:e6:bc"
"FSKTM-PC-208A(AP2)","10.65.60.171","AP-303","b8:3a:5a:c6:f3:ce"
"FSKTM-PC-201A","10.65.60.184","AP-303","b8:3a:5a:c6:de:d6"
"FSKTM-L2-AP10","10.65.60.242","AP-515","54:d7:e3:cd:44:ac"
"FSKTM-L2-AP04","10.65.60.237","AP-515","54:d7:e3:cd:02:3e"
"FSKTM-PB-201-07","10.65.60.97","AP-303","b8:3a:5a:c6:e4:ba"
"FSKTM-PC-202B(AP1)","10.65.60.175","AP-303","b8:3a:5a:c6:f5:14"
"FSKTM-L2-AP05","10.65.60.235","AP-515","54:d7:e3:cc:fa:3e"
"FSKTM-L2-AP12","10.65.60.240","AP-515","54:d7:e3:cd:2e:ec"
"FSKTM-PC-208A(AP1)","10.65.60.178","AP-303","b8:3a:5a:c6:ef:f4"
"FSKTM-PA-201-01","10.65.60.180","AP-303","b8:3a:5a:c6:f1:cc"
"FSKTM-PA-201B","10.65.60.182","AP-303","b8:3a:5a:c6:ea:04"
"FSKTM-PC-202B(AP2)","10.65.60.188","AP-303","b8:3a:5a:c6:f7:50"
"FSKTM-L2-AP09","10.65.60.241","AP-515","54:d7:e3:cd:2d:e6"
"FSKTM-L2-AP08","10.65.60.238","AP-515","54:d7:e3:cd:4e:42"
"FSKTM-PA-204","10.65.60.172","AP-303","b8:3a:5a:c6:e7:42"
"FSKTM-L2-AP02","10.65.60.222","AP-515","54:d7:e3:cd:4a:0c"
"FSKTM-PC-302A","10.65.64.173","AP-303","b8:3a:5a:c6:f8:e6"
"FSKTM-PA- 302","10.65.64.176","AP-303","b8:3a:5a:c6:fe:86"
"FSKTM-PA-301","10.65.64.226","AP-303","b8:3a:5a:c6:df:2e"
"FSKTM-PC-307B","10.65.64.228","AP-303","b8:3a:5a:c6:f9:e8"
"FPTV-KD-024-05","10.8.6.76","AP-303","b8:3a:5a:c6:f2:12"
"FPTV-KD-008A","10.66.52.207","AP-303","b8:3a:5a:c6:fe:20"
"FSKTM-PA-203","10.65.60.176","AP-303","b8:3a:5a:c6:db:d2"
"FSKTM-L2-AP11","10.65.60.233","AP-515","54:d7:e3:cc:fa:da"
"FSKTM-L2-AP03","10.65.60.239","AP-515","54:d7:e3:cd:4e:6c"
"FSKTM-L2-AP06","10.65.60.234","AP-515","54:d7:e3:cd:3b:b0"
"FSKTM-L2-AP01","10.65.60.226","AP-515","54:d7:e3:cd:55:04"
"FSKTM-L1-AP01","10.65.85.39","AP-515","54:d7:e3:cd:3f:44"
"FSKTM-GF-AP06","10.65.85.12","AP-515","54:d7:e3:cd:27:ae"
"FSKTM-PA-102A","10.65.84.62","AP-303","7c:57:3c:cd:9e:02"
"FSKTM-L1-AP04","10.65.85.41","AP-515","54:d7:e3:cd:2d:88"
"FSKTM-GF-AP02","10.65.85.15","AP-515","54:d7:e3:cd:03:18"
"FSKTM-GF-AP04","10.65.85.37","AP-515","54:d7:e3:cd:0b:9a"
"FSKTM-L1-AP02","10.65.85.16","AP-515","54:d7:e3:cd:2c:40"
"FSKTM-GF-AP07","10.65.85.38","AP-515","54:d7:e3:cd:4f:6e"
"FSKTM-GF-AP08","10.65.85.36","AP-515","54:d7:e3:cd:3c:52"
"FSKTM-GF-AP03","10.65.85.13","AP-515","54:d7:e3:cd:50:66"
"FSKTM-GF-AP01","10.65.85.34","AP-515","54:d7:e3:cd:43:2c"
"FSKTM-L1-AP06","10.65.85.17","AP-515","54:d7:e3:cd:4f:b8"
"FSKTM-GF-AP05","10.65.85.40","AP-515","54:d7:e3:cd:06:18"
"FSKTM-L1-AP05","10.65.85.35","AP-515","54:d7:e3:cd:32:e6"
"FSKTM-L1-AP07","10.65.85.14","AP-515","54:d7:e3:cd:16:a6"
"FSKTM-L1-AP03","10.65.85.33","AP-515","54:d7:e3:cd:54:58"
"FSKTM-GF-Realiti-Maya-AP2","10.65.85.29","AP-505","48:b4:c3:cd:af:54"
"FSKTM-PC-101B-Kej-Perisian-AP2","10.65.85.30","AP-505","48:b4:c3:cd:d0:78"
"FSKTM-PC-107B-Perisian-AP2","10.65.85.25","AP-505","48:b4:c3:cd:cf:36"
"FSKTM-PC-1012B-Pejabat-ICT-AP2","10.65.85.26","AP-505","48:b4:c3:cd:ac:3a"
"FSKTM-PA-010-Siswazah6","10.65.85.27","AP-505","48:b4:c3:cd:d3:48"
"FSKTM-GF-Grafik&Animasi-AP2","10.65.85.32","AP-505","48:b4:c3:cd:b2:ce"
"FSKTM-GF-Sains-Data-AP2","10.65.85.28","AP-505","48:b4:c3:cd:df:52"
"FSKTM-GF-Studio-Multimedia-AP2","10.65.85.24","AP-505","48:b4:c3:cd:c0:4e"
"FSKTM-PA-102B","10.65.84.63","AP-303","b8:3a:5a:c6:f0:22"
"FSKTM-PA-101","10.65.84.65","AP-303","b8:3a:5a:c6:ee:f4"
"FSKTM-GF-MAKMAL STUDIO MULTIMEDIA","10.65.26.103","AP-303","e8:26:89:c5:48:7a"
"FSKTM-GF-MAKMAL GRAFIK DAN ANIMASI","10.65.26.142","AP-303","d0:d3:e0:c8:89:e4"
"FSTKM-PA-013B_Mkml_Pasca_Siswazah","10.65.24.238","AP-505","48:b4:c3:cd:c3:ae"
"FK-R2-L1-AP04","10.67.57.150","AP-515","54:d7:e3:cd:30:b0"
"FK-R2-L1-AP02","10.67.57.149","AP-515","54:d7:e3:cd:07:b8"
"FK-R2-L1-AP07","10.67.57.153","AP-515","54:d7:e3:cd:06:52"
"FKAAS(B)-M-134A","10.67.57.2","AP-303","b8:3a:5a:c6:dc:60"
"FKAAS(B)-M-134-05","10.67.57.15","AP-303","b8:3a:5a:c6:f0:8c"
"FKAAS(B)-M-134-01A","10.67.57.9","AP-303","b8:3a:5a:c6:dd:c2"
"FK-R2-L1-AP05","10.67.57.156","AP-515","54:d7:e3:cc:fd:4e"
"FKAAS(B)-M-134-04","10.67.57.91","AP-303","b8:3a:5a:c6:ed:10"
"FK-R2-L1-AP09","10.67.57.155","AP-505","a8:5b:f7:c3:ee:2c"
"FK-R2-L1-AP06","10.67.57.154","AP-515","54:d7:e3:cd:46:fc"
"E12-005B Studio Lukisan 2 FKMP","10.60.30.202","AP-303","b8:3a:5a:c6:de:dc"
"UTHMRAP0040","192.168.10.22","AP-303H","20:4c:03:dc:59:44"
"FPTV-KC-102B","10.8.6.110","AP-303","b8:3a:5a:c6:df:5e"
"KKP-A3-08","10.8.34.75","AP-505","48:b4:c3:cc:7c:ea"
"B1-101-Bilik-Kuliah27","10.8.48.19","AP-505","48:b4:c3:cd:22:e8"
"R3-L1-AP02","10.61.25.114","AP-515","54:d7:e3:cd:2b:30"
"KKP-B1-07","10.8.44.42","AP-505","48:b4:c3:cc:55:e0"
"B1-017-Web&Latihan-PTM","10.8.54.14","AP-505","48:b4:c3:cd:45:e8"
"KKP-A3-07","10.8.34.74","AP-505","48:b4:c3:cc:3a:58"
"KKP-B2-04","10.8.44.41","AP-505","48:b4:c3:cc:65:24"
"B1-006A-Dewan-Kuliah-Bwh-AP1","10.8.54.10","AP-505","48:b4:c3:cd:14:c4"
"KKP-B3-02","10.8.44.62","AP-505","48:b4:c3:cc:7b:32"
"KKP-A1-01","10.8.44.29","AP-505","48:b4:c3:cd:2a:1a"
"KKP-A3-06","10.8.44.23","AP-505","48:b4:c3:cc:40:da"
"B1-013-Mkml-Statik","10.8.54.12","AP-505","48:b4:c3:cd:11:34"
"B1-001-Pjbt-Antarabangsa","10.8.53.254","AP-505","48:b4:c3:cd:17:b6"
"KKP-D2-02","10.8.34.145","AP-505","48:b4:c3:cd:29:1c"
"B1-115-Bilik-Kuliah21","10.8.48.143","AP-505","48:b4:c3:cd:44:48"
"B1-119-Bilik-Kuliah17","10.8.54.17","AP-505","48:b4:c3:cd:44:04"
"FPTV-KB-102","10.8.7.130","AP-303","b8:3a:5a:c6:db:26"
"FPTV-KB-106","10.8.7.67","AP-303","b8:3a:5a:c6:e0:86"
"FPTV-KB-103","10.8.7.135","AP-303","b8:3a:5a:c6:e0:06"
"FPTV-KB-101A","10.8.7.120","AP-303","b8:3a:5a:c6:d8:62"
"FPTV-KC-008-01A-Studio-Media","10.66.28.131","AP-505","48:b4:c3:cd:23:14"
"FPTV-KC-213A-Makmal-Bpendidikan(H)","10.66.28.139","AP-555","a8:5b:f7:c8:6a:cb"
"FPTV-KC-008-0B-Koridor-Makmal","10.66.28.135","AP-505","48:b4:c3:cd:2d:68"
"FPTV-KC-0012B-Koridor-Makmal","10.66.28.132","AP-505","48:b4:c3:cd:1c:50"
"FK-R2-L1-AP01","10.67.57.151","AP-515","54:d7:e3:cd:1a:9a"
"FK-R2-L1-AP03","10.67.57.152","AP-515","54:d7:e3:cd:31:38"
"FPTV-KB-101B","10.8.7.139","AP-303","b8:3a:5a:c6:ea:d0"
"FPTV-KB-109","10.66.24.90","AP-303","b8:3a:5a:c6:e6:ae"
"FPTV-KA-102-28-Koridor-Pensyarah","10.66.24.89","AP-505","48:b4:c3:cd:3b:3a"
"FPTV-KB-002","10.66.52.142","AP-303","b8:3a:5a:c6:d8:98"
"FPTV-Makmal-Kulinari-kaunter-GF-BlokB","10.66.52.52","AP-315","24:f2:7f:c1:c3:dc"
"FPTV-KB-008","10.66.52.144","AP-303","b8:3a:5a:c6:d8:b6"
"FPTV-Makmal-Kulinari-GF-Blok B","10.66.52.143","AP-303","b8:3a:5a:c6:ea:5a"
"FPTV-KB-001-05A-BPegawai-Makanan","10.66.52.167","AP-505","48:b4:c3:cd:3d:00"
"FPTV-KB-005-Koridor-Siswazah4","10.66.52.166","AP-505","48:b4:c3:cd:32:9c"
"C6-006B-Termodinamik","10.8.26.253","AP-505","48:b4:c3:cd:24:98"
"FPTV-KA-502-02","10.8.7.110","AP-303","b8:3a:5a:c6:f4:f6"
"FPTV-KA-502-27","10.8.7.65","AP-303","b8:3a:5a:c6:fa:ca"
"FPTV-KA-502-03","10.8.7.84","AP-303","b8:3a:5a:c6:fe:68"
"FPTV-KA-502-12","10.8.7.111","AP-303","b8:3a:5a:c6:f8:0c"
"FPTV-KA-502-15-Koridor-Pensyarah","10.8.6.107","AP-505","48:b4:c3:cd:36:e8"
"FPTV-KA-502-02-BMesyuarat","10.8.7.92","AP-505","48:b4:c3:cd:22:02"
"A-L4-AP03","10.8.6.173","AP-505","34:3a:20:c2:cb:d4"
"FPTV-KA-402-15-Koridor-Pensyarah","10.8.6.163","AP-505","48:b4:c3:cd:2e:c2"
"FPTV-KA-402-33","10.8.7.49","AP-303","b8:3a:5a:c6:ef:00"
"FPTV-KA-402-18","10.8.7.62","AP-303","b8:3a:5a:c6:ec:4c"
"FPTV-KA-402-09","10.8.7.81","AP-303","b8:3a:5a:c6:f1:ca"
"FPTV-KA-302-33","10.8.7.184","AP-303","b8:3a:5a:c6:ef:c8"
"FPTV-KA-302-09","10.8.6.34","AP-303","b8:3a:5a:c6:ea:9e"
"FPTV-KA-302-18","10.8.7.113","AP-303","b8:3a:5a:c6:ee:ea"
"FPTV-KA-302-15-Koridor-Pensyarah","10.8.7.180","AP-505","48:b4:c3:cd:34:c4"
"FPTV-KA-102-09","10.8.7.19","AP-303","b8:3a:5a:c6:e0:3e"
"FPTV-KA-102-18","10.8.6.177","AP-303","b8:3a:5a:c6:eb:28"
"FPTV-KA-102-33","10.8.7.33","AP-303","b8:3a:5a:c6:e8:2e"
"FPTV-KA-202-33","10.66.28.164","AP-303","b8:3a:5a:c6:e1:8a"
"FPTV-KA-202-15-Koridor-Pensyarah","10.66.28.127","AP-505","48:b4:c3:cd:11:ea"
"FPTV-KA-202-07-Bilik_Pensyarah","10.66.30.5","AP-505","a8:5b:f7:c3:f7:66"
"FPTV-KA-202-09","10.66.28.163","AP-303","b8:3a:5a:c6:d9:4a"
"G1-Bilik Seminar-2-AP315","10.61.70.250","AP-315","24:f2:7f:c3:0f:d8"
"G1_STUDIO-FL_","10.8.205.46","AP-515","54:d7:e3:cd:20:2a"
"BLK PSYARAH C16 GFloor 1","10.61.42.42","AP-303","b8:3a:5a:c6:e1:06"
"C11-002-BKuliah-FKAAB","10.8.56.73","AP-505","48:b4:c3:cd:3d:98"
"C11-006A-Postgraduate-FKMP-Atas","10.8.56.65","AP-505","48:b4:c3:cd:38:98"
"C11-007B-Halton-CEIES","10.8.56.67","AP-505","48:b4:c3:cd:45:36"
"C11-001A-BKuliah-PPUK","10.8.56.72","AP-505","48:b4:c3:cd:3e:ca"
"C11-005-01-Postgraduate-FKMP","10.8.56.70","AP-505","48:b4:c3:cd:46:48"
"C11-004B-Ruang-Stor-Bendahari","10.8.56.64","AP-505","48:b4:c3:cd:29:e8"
"C11-003D-Ruang-Stor-FKMP","10.8.56.66","AP-505","48:b4:c3:cd:1f:ec"
"C11-006A-Postgraduate-FKMP-AP1","10.8.56.63","AP-505","48:b4:c3:cd:2a:d2"
"C11-006B-Postgraduate-FKMP-AP2","10.8.56.68","AP-505","48:b4:c3:cd:43:72"
"C11-009B-BK-Postgraduate3-FKMP","10.8.56.69","AP-505","48:b4:c3:cd:2f:6a"
"A4-001-02N-PJBT-FPTP","10.8.25.195","AP-315","24:f2:7f:c2:f2:9a"
"A4-Bmesyuarat-Aras2-AP315","10.8.25.167","AP-315","24:f2:7f:c2:db:d4"
"A4-102-01(BMesyuarat-CAD)-AP305","10.8.25.207","AP-305","d0:15:a6:c3:3e:4a"
"A4-102-02H(BPerbincangan-CAD)-AP305","10.8.26.47","AP-305","d0:15:a6:c3:45:bc"
"PPNC A4-209-07","10.8.25.117","AP-303","b8:3a:5a:c6:e0:f8"
"Pusat_P_Siswazah(A4-001-02A)","10.8.25.234","AP-303","b8:3a:5a:c6:f5:dc"
"A6-SAFETY-AP01","10.8.20.194","AP-515","54:d7:e3:cd:0a:88"
"A6-SAFETY-AP02","10.8.20.132","AP-515","54:d7:e3:cd:3f:ae"
"A5_Outdoor_PTM","10.8.24.153","AP-365","bc:9f:e4:c0:7a:5a"
"BLK-PSYARAH-C15-1STFLR-1","10.8.4.171","AP-303","b8:3a:5a:c6:da:bc"
"G1-027A-MKML_INOVASI_BWH-2","10.8.205.245","AP-515","54:d7:e3:cd:35:84"
"G1_STUDIO-PRIMIER_","10.8.205.77","AP-515","54:d7:e3:cd:3f:b2"
"PSYARAH-C17-A0-1-GANTIAN","10.8.4.210","AP-315","24:f2:7f:c2:dc:30"
"FPTP-J-205A-Bilik_Kuliah-2","10.8.4.217","AP-303","b8:3a:5a:c6:fa:6e"
"BLK-PSYARAH-C15-1STFLR-2","10.8.4.239","AP-303","b8:3a:5a:c6:da:9a"
"FKAAB-M-005-Koridor-BMesyuarat","10.8.7.29","AP-505","48:b4:c3:cd:dc:32"
"KKP-A3-03","10.8.44.22","AP-505","48:b4:c3:cc:84:1e"
"FKAAS-4","10.67.52.65","AP-303","b8:3a:5a:c6:fa:3a"
"F6-02-002A-Bengkel-Pusat","10.8.21.85","AP-505","48:b4:c3:cd:2b:0a"
"B1-120-Bilik-Kuliah16","10.8.54.5","AP-505","48:b4:c3:cd:27:20"
"KKP-A2-02","10.8.44.27","AP-505","48:b4:c3:cc:37:28"
"G1_DL-CLASSROOM_","10.8.207.177","AP-515","54:d7:e3:cd:50:b6"
"F5-Nano-Pej-am","10.60.61.234","AP-303","b8:3a:5a:c6:dc:de"
"F5-Nano-Atas","10.60.62.215","AP-303","b8:3a:5a:c6:f6:7c"
"B4-009-KSUTHM","10.60.29.141","AP-315","24:f2:7f:c1:c2:b6"
"B4-Masjid","10.8.207.21","AP-315","24:f2:7f:c1:c6:ce"
"x2-F4-UTHM-EMC-AP315","10.8.5.56","AP-315","20:a6:cd:c7:ee:ec"
"C16-BLK-PSYARAH-C16-GFloor-2","10.61.42.68","AP-303","b8:3a:5a:c6:fe:42"
"BLK-PSYARAH-C17-A1-2","10.8.5.154","AP-303","b8:3a:5a:c6:f2:da"
"BLK-PSYARAH-C17-A0-2","10.61.40.167","AP-303","b8:3a:5a:c6:dc:46"
"G2_METROLOGI_","10.8.207.184","AP-515","54:d7:e3:cd:2a:1a"
"G2-WING-F-ARS1-MKML-PEMBAKARAN-DLM","10.61.72.211","AP-315","24:f2:7f:c2:da:b2"
"R2-GF-AP03","10.61.25.102","AP-515","54:d7:e3:cd:12:4c"
"R3-GF-AP03","10.61.25.105","AP-515","54:d7:e3:cd:29:8a"
"R3-L2-AP03","10.61.25.108","AP-515","54:d7:e3:cd:1e:44"
"R2-L2-AP03","10.61.25.93","AP-515","54:d7:e3:cc:fe:7c"
"R3-L1-AP01","10.61.25.113","AP-515","54:d7:e3:cd:1b:74"
"R3-L1-AP03","10.61.25.115","AP-515","54:d7:e3:cd:11:ee"
"R3-L2-AP02","10.61.25.107","AP-515","54:d7:e3:cd:49:02"
"R2-L1-AP02","10.61.25.97","AP-515","54:d7:e3:cd:1b:9e"
"R2-L1-AP01","10.61.25.96","AP-515","54:d7:e3:cd:37:2a"
"R2-GF-AP01","10.61.25.100","AP-515","54:d7:e3:cd:24:f2"
"R2-L2-AP02","10.61.25.94","AP-515","54:d7:e3:cd:16:da"
"R3-L2-AP01","10.61.25.106","AP-515","54:d7:e3:cd:48:88"
"R2-L1-AP03","10.61.25.98","AP-515","54:d7:e3:cd:4e:84"
"R2-L2-AP01","10.61.25.95","AP-515","54:d7:e3:cd:20:32"
"R1-GF-AP01","10.61.25.109","AP-515","54:d7:e3:cd:32:1a"
"R3-GF-AP01","10.61.25.103","AP-515","54:d7:e3:cd:45:66"
"R1-GF-AP02","10.61.25.110","AP-515","54:d7:e3:cd:3f:28"
"R2-GF-AP02","10.61.25.101","AP-515","54:d7:e3:cd:2b:74"
"R3-GF-AP02","10.61.25.104","AP-515","54:d7:e3:cd:22:6a"
"D7-L2-AP11","10.61.206.15","AP-515","54:d7:e3:cd:34:34"
"D7-GF-AP11","10.61.206.255","AP-515","54:d7:e3:cd:08:10"
"D7-L2-AP12","10.61.206.201","AP-515","54:d7:e3:cd:01:7a"
"D7-L2-AP04","10.61.41.40","AP-515","54:d7:e3:cd:44:7a"
"D7-L2-AP06","10.61.40.168","AP-515","54:d7:e3:cd:4a:6a"
"D7-GF-AP01","10.61.206.181","AP-515","54:d7:e3:cd:11:fa"
"D7-GF-AP03","10.61.204.21","AP-515","54:d7:e3:cd:11:66"
"S.GAJAH-6-AP01","10.61.204.46","AP-515","54:d7:e3:cd:2f:ee"
"D7-GF-AP09","10.61.206.106","AP-515","54:d7:e3:cd:12:cc"
"D7-L2-AP10","10.61.205.198","AP-515","54:d7:e3:cd:17:70"
"D7-L2-AP09","10.61.205.74","AP-515","54:d7:e3:cd:41:0e"
"KKP-A2-04","10.8.44.26","AP-505","48:b4:c3:cc:4a:84"
"KKP-A2-05","10.8.44.32","AP-505","48:b4:c3:cc:66:c4"
"KKP-A1-03","10.8.44.25","AP-505","48:b4:c3:cd:42:7c"
"KKP-A1-04","10.8.44.24","AP-505","48:b4:c3:cd:3c:06"
"KKP-A1-06","10.8.44.38","AP-505","48:b4:c3:cd:1d:8a"
"KKP-D2-01","10.8.34.139","AP-505","48:b4:c3:cd:40:ec"
"KKP-C1-02","10.8.34.106","AP-505","48:b4:c3:cd:10:4a"
"KKP-C2-02","10.8.34.108","AP-505","48:b4:c3:cd:44:9e"
"KKP-D3-02","10.8.34.138","AP-505","48:b4:c3:cd:13:fe"
"KKP-D1-02","10.8.34.146","AP-505","48:b4:c3:cd:16:ec"
"KKP-C1-01","10.8.34.93","AP-505","48:b4:c3:cd:11:4a"
"KKP-C4-01","10.8.34.120","AP-505","48:b4:c3:cd:11:2c"
"KKP-D4-01","10.8.34.147","AP-505","48:b4:c3:cd:42:a4"
"KKP-D1-01","10.8.34.158","AP-505","48:b4:c3:cd:20:3a"
"KKP-D3-01","10.8.34.159","AP-505","48:b4:c3:cd:23:f0"
"KKP-C3-02","10.8.34.119","AP-505","48:b4:c3:cd:27:a8"
"KKP-C3-01","10.8.34.118","AP-505","48:b4:c3:cd:40:5e"
"KKP-C2-01","10.8.34.107","AP-505","48:b4:c3:cd:30:f2"
"FSKTM-PB-701-07-BMesyuarat-EKSTIF","10.65.48.99","AP-505","48:b4:c3:cd:cf:fe"
"UTHMRAP0009","192.168.10.29","AP-303H","20:4c:03:dc:5e:b8"
"FKAAB-M-702-06-Koridor-Pensyarah","10.67.48.90","AP-505","48:b4:c3:cd:bc:e0"
"DSI-R-002-01H-Koridor-Luar-Dewan-Penonton-Kanan","10.63.46.116","AP-505","34:3a:20:c0:d7:92"
"FPTV-KC-012A","10.66.52.38","AP-303","b8:3a:5a:c6:e8:44"
"HEPA-CAFE-2FLR-BLK-PLJR2","10.66.49.141","AP-305","90:4c:81:ca:07:ce"
"KBandar-A-202-Bilik-Pensyarah-SW-A201","10.9.156.47","AP-505","48:b4:c3:cd:b3:56"
"LIB14-GF-L008C-BT4-BK1-Aeronautik-AP2","10.63.52.242","AP-505","48:b4:c3:cc:22:5c"
"LIB41-GF-L-025A-Permata-Hikmah","10.63.20.144","AP-505","48:b4:c3:cc:2d:f4"
"LIB42-GF-L-025B-Bilik-Bacaan-24Jam-AP1","10.63.46.225","AP-505","48:b4:c3:cc:76:34"
"LIB8-L3-L-325A-Auditorium-Al-Jazari-AP2","10.63.68.155","AP-505","48:b4:c3:cd:e6:e2"
"LIB43-GF-L-025B-Bilik-Bacaan-24Jam-AP2","10.63.44.62","AP-505","48:b4:c3:cc:5d:d8"
"KKP-B2-03","10.8.44.51","AP-505","48:b4:c3:cc:3b:70"
"LIB11-L1-L-102-04B-AP2","10.63.24.166","AP-505","48:b4:c3:cd:ca:8a"
"KKP-L1-04","10.8.4.29","AP-505","48:b4:c3:cd:3e:d0"
"KKP-A3-02","10.8.44.35","AP-505","48:b4:c3:cc:20:7e"
"KKP-A1-05","10.8.44.21","AP-505","48:b4:c3:cd:3b:40"
"KKP-A3-01","10.8.44.36","AP-505","48:b4:c3:cc:7c:8a"
"KKP-A3-05","10.8.44.34","AP-505","48:b4:c3:cc:4c:b0"
"KKP-A1-02","10.8.44.31","AP-505","48:b4:c3:cd:3a:2c"
"KKP-A2-01","10.8.44.30","AP-505","48:b4:c3:cc:5d:e0"
"LIB23-GF-Dewan-Kuliah1-AP2","10.63.52.243","AP-505","48:b4:c3:cd:1c:42"
"E6-CGOL-Blk-Seminar-Atas","10.60.28.171","AP-505","48:b4:c3:cd:2d:f2"
"E6-103-02-CGOL-Vconference-Atas(H)","10.60.31.81","AP-555","a8:5b:f7:c8:6a:e0"
"UTHMRAP0035","10.8.26.249","AP-303H","20:4c:03:dc:73:60"
"UTHMRAP0014","192.168.10.36","AP-303H","20:4c:03:dc:65:f4"
"UTHMRAP0027","192.168.10.48","AP-303H","20:4c:03:dc:70:ec"
"UTHMRAP0011","192.168.10.28","AP-303H","20:4c:03:dc:5e:80"
"UTHMRAP0037","192.168.10.41","AP-303H","20:4c:03:dc:6c:2c"
"UTHMRAP0012","192.168.10.18","AP-303H","20:4c:03:dc:52:30"
"UTHMRAP0036","192.168.10.13","AP-303H","20:4c:03:dc:4b:1c"
"UTHMRAP0017","192.168.10.23","AP-303H","20:4c:03:dc:59:b4"
"UTHMRAP0020-MSA","192.168.10.12","AP-303H","20:4c:03:dc:47:50"
"UTHMRAP0024-Bendahari-C2","10.8.27.40","AP-303H","20:4c:03:dc:5e:ec"
"UTHMRAP0022","192.168.10.38","AP-303H","20:4c:03:dc:67:3c"
"A3-DATARAN-AP02","10.8.21.204","AP-515","54:d7:e3:cd:26:90"
"CafeHepa-T-101-01-BMesyuarat","10.66.49.137","AP-505","48:b4:c3:cd:ab:68"
"CafeHepa-T-201-22-Koridor","10.66.84.254","AP-505","48:b4:c3:cd:ad:c0"
"CafeHepa-T-201-06-Koridor","10.66.49.136","AP-505","48:b4:c3:cd:c6:f4"
"AP 2ndFlr BILIK PELAJAR 3","10.66.84.8","AP-305","90:4c:81:ca:15:18"
"CafeHepa-T-201-01-Blk-MPP","10.66.84.253","AP-505","48:b4:c3:cd:9f:c8"
"AP G Floor BILIK CAFE2","10.66.84.5","AP-305","90:4c:81:ca:16:5a"
"AP G Floor BILIK CAFE3","10.66.84.3","AP-305","90:4c:81:ca:09:42"
"AP G Floor BILIK CAFE1","10.66.84.9","AP-305","90:4c:81:ca:1f:0a"
"AP G Floor BILIK CAFE4","10.66.84.7","AP-305","90:4c:81:ca:22:f2"
"FSKTM-PB-701-06-BMesyuarat-AP1","10.65.48.101","AP-505","48:b4:c3:cd:d6:34"
"A3-DATARAN-AP01","10.8.20.215","AP-515","54:d7:e3:cd:39:58"
"A2-003-04-BMesyuarat_Integriti","10.8.23.87","AP-505","48:b4:c3:cd:20:b8"
"A2-PUU-Ruang-Pjbt-Aras1-AP1","10.8.21.70","AP-505","48:b4:c3:cd:15:d0"
"A2-PUU-Ruang-Pjbt-Aras1-AP2","10.8.23.78","AP-505","48:b4:c3:cd:3d:ac"
"LIB12-L2-IQRA1","10.63.24.181","AP-505","48:b4:c3:cd:bd:28"
"LIB12-L1-L-102-04A-AP1","10.63.24.154","AP-505","48:b4:c3:cd:a7:04"
"LIB4-L1-L-101-02-Koridor-SickBay","10.63.24.182","AP-505","48:b4:c3:cd:e0:08"
"LIB2-L1-L-101-33-Bilik-Sirkulasi2","10.63.24.178","AP-505","48:b4:c3:cd:a7:34"
"LIB14-L1-L-102-03B-Pengajian-Siswazah-AP1","10.63.24.171","AP-505","48:b4:c3:cd:db:a6"
"LIB14-L3-L-323A-Bilik-Ruang-Bacaan","10.63.36.39","AP-505","48:b4:c3:cd:b6:ba"
"LIB9-L2-Lab-AIDA-UTHM","10.63.24.184","AP-505","48:b4:c3:cd:bd:0e"
"LIB12-L4-Koridor-Bacaan-Tangga","10.63.68.161","AP-505","48:b4:c3:cd:e5:d8"
"LIB9-L5-L-505A-Koridor-Lift-Eksekutif","10.63.68.177","AP-505","48:b4:c3:cd:c7:3c"
"LIB12-L5-L-504-05-Bilik-PA-NC&TNCHEPA","10.63.36.38","AP-505","48:b4:c3:cd:e8:02"
"LIB16-L3-Koridor-Ruang-Bacaan","10.63.68.156","AP-505","48:b4:c3:cd:d8:ca"
"LIB8-L1-L-102-05A-Rujukan-Terhad-AP1","10.63.24.141","AP-505","48:b4:c3:cd:9f:1c"
"LIB6-L2-Koridor-BigStage-AP1","10.63.24.134","AP-505","48:b4:c3:cd:a0:8c"
"LIB10-L1-L-102-05A-Koleksi-Tesis","10.63.24.194","AP-505","48:b4:c3:cd:c7:bc"
"PERPUSTAKAAN-L-508A-Blk_ Perbincangan_Aras5","10.63.42.112","AP-505","a8:5b:f7:c3:d5:14"
"PERPUSTAKAAN-L-101-13-Pejabat_Aras1_Tengah1","10.63.25.121","AP-505","a8:5b:f7:c3:c9:6c"
"LIB27-GF-L-002A-BT1-AP2","10.63.52.247","AP-505","48:b4:c3:cd:46:40"
"LIB26-GF-L-001A-Bilik-Seminar1-AP1","10.63.52.237","AP-505","48:b4:c3:cd:21:48"
"LIB8-L5-L-506A-PejabatAm-Canselori-AP2","10.63.68.167","AP-505","48:b4:c3:cd:e0:f2"
"LIB8-L2-Koridor-BigStage-AP3","10.63.24.136","AP-505","48:b4:c3:cd:e8:ae"
"LIB9-L3-325A-Auditorium-Al-Jazari-AP1(H)","10.63.68.192","AP-555","a8:5b:f7:c8:69:2a"
"LIB12-GF-Dewan-Kuliah2-AP2(H)","10.63.52.254","AP-555","a8:5b:f7:c8:79:80"
"B1-103A-Dewan-Kuliah6-AP1","10.8.26.20","AP-505","48:b4:c3:cd:22:f8"
"C14a-PENTAS-AP03","10.8.25.238","AP-515","54:d7:e3:cd:43:98"
"B1-AP06","10.8.48.248","AP-515","54:d7:e3:cd:4a:0e"
"B1-AP05","10.8.48.169","AP-515","54:d7:e3:cd:49:f4"
"B1-016-Blk-Pelajar-Siswazah","10.8.54.3","AP-505","48:b4:c3:cd:18:50"
"B2-Dewan-Kuliah1-TengahKiri","10.8.48.30","AP-505","48:b4:c3:cd:3c:36"
"C14a-PENTAS-AP04","10.8.24.231","AP-515","54:d7:e3:cd:45:8e"
"D8-001D-Pejabat_Pusat _Sukan_Belakang","10.8.20.81","AP-505","a8:5b:f7:c4:0a:24"
"B1-B2-Koridor-Bwh-Speakers-Corner","10.8.54.6","AP-505","48:b4:c3:cd:2b:fa"
"B1-Koridor-Atas-Hujung-Kanan","10.8.48.172","AP-505","48:b4:c3:cd:21:ee"
"B1-114-Bilik-Kuliah20","10.8.54.20","AP-505","48:b4:c3:cd:2c:56"
"B1-102-Bilik-Kuliah28","10.8.53.231","AP-505","48:b4:c3:cd:39:0c"
"B1-AP07","10.8.48.154","AP-515","54:d7:e3:cd:1f:5a"
"C14a-PENTAS-AP01","10.8.26.176","AP-515","54:d7:e3:cd:16:7e"
"B1-015A-Mkml-Komputer-PTM1","10.8.54.11","AP-505","48:b4:c3:cd:32:48"
"B2-Dewan-Kuliah1-Depan","10.8.48.84","AP-505","48:b4:c3:cd:40:14"
"LIB17-GF-Lobi-Belakang-PiliBomba","10.63.52.249","AP-505","48:b4:c3:cd:26:94"
"LIB11-L4-IQRA77","10.63.68.165","AP-505","48:b4:c3:cd:e4:ee"
"LIB10-L4-IQRA61","10.63.68.163","AP-505","48:b4:c3:cd:a8:bc"
"LIB28-GF-L-002A-BT1-AP1","10.63.52.250","AP-505","48:b4:c3:cd:17:58"
"LIB5-L5-L-511BMesyuarat-Utama-AP1","10.63.68.188","AP-505","48:b4:c3:cd:bf:d4"
"LIB12-L3-Koridor-Bacaan-Tangga","10.63.68.160","AP-505","48:b4:c3:cd:ad:72"
"B1-011-CAD","10.8.53.229","AP-505","48:b4:c3:cd:38:90"
"B1-103B-Dewan-Kuliah6-AP1","10.8.48.18","AP-505","48:b4:c3:cd:45:ae"
"B1-Koridor-Bwh-Ruang-Niaga-Siswa","10.8.54.15","AP-505","48:b4:c3:cd:22:56"
"C6-017A-Simulasi-Pembuatan","10.8.28.66","AP-505","48:b4:c3:cd:25:1a"
"B1-012-Mkml-Komputer-PTM2","10.8.48.8","AP-505","48:b4:c3:cd:2b:a2"
"B2-Dewan-Kuliah2-TengahKiri","10.8.48.28","AP-505","48:b4:c3:cd:10:b2"
"B2-Dewan-Kuliah2-BProjektor","10.8.48.59","AP-505","48:b4:c3:cd:3a:fa"
"B1-117-Bilik-Kuliah23","10.8.48.56","AP-505","48:b4:c3:cd:3a:46"
"B1-104-Bilik-Kuliah24","10.8.54.13","AP-505","48:b4:c3:cd:2f:d6"
"B1-003A-Pjbt-PUU&Integriti","10.8.54.16","AP-505","48:b4:c3:cd:29:56"
"C1-FIB-AP04","10.8.24.216","AP-515","54:d7:e3:cd:45:74"
"B1-106B-Dewan-Kuliah8-AP2","10.8.48.75","AP-505","48:b4:c3:cd:30:22"
"B1-118A-Mkml-Bahasa2","10.8.54.4","AP-505","48:b4:c3:cd:2f:e8"
"B1-004-Grafik&Multimedia-PTM","10.8.53.230","AP-505","48:b4:c3:cd:23:76"
"B1-014-Bilik-Kuliah10","10.8.48.237","AP-505","48:b4:c3:cd:45:58"
"B2-Dewan-Kuliah3-Depan","10.8.48.40","AP-505","48:b4:c3:cd:16:16"
"B1-006B-Dewan-Kuliah-Bwh-AP2","10.8.54.9","AP-505","48:b4:c3:cd:1c:98"
"B1-Koridor-Atas-Hujung-Kiri","10.8.48.230","AP-505","48:b4:c3:cd:3c:60"
"B1-106A-Dewan-Kuliah8-AP1","10.8.48.34","AP-505","48:b4:c3:cd:1a:10"
"B2-Dewan-Kuliah2-TengahKiri(H)","10.8.54.1","AP-555","a8:5b:f7:c8:6b:3a"
"BLK-PSYARAH-C8","10.8.204.81","AP-315","24:f2:7f:c1:c6:e8"
"C9-006-Pensyarah-AP315","10.8.28.63","AP-315","24:f2:7f:c2:db:d6"
"B2-Dewan-Kuliah2-TengahKanan(H)","10.8.53.255","AP-555","a8:5b:f7:c8:6a:aa"
"E2-001A-Mkml-Robotik","10.8.29.99","AP-303","b8:3a:5a:c6:f9:1a"
"C13-Makmal_Bahasa","10.8.206.4","AP-315","24:f2:7f:c1:c3:1c"
"C11-Bilik_Pasca_Siswazah-3 Ruang Peralatan","10.8.56.47","AP-303","b8:3a:5a:c6:fc:be"
"F6-03-010-Pajabt-i2E","10.8.23.82","AP-505","48:b4:c3:cd:13:74"
"F6-03-004-Koridor-BPusat2","10.8.23.124","AP-505","48:b4:c3:cd:30:64"
"F6-02-001-Termaju-Pengkomputeran","10.8.21.92","AP-505","48:b4:c3:cd:10:b8"
"F6-03-011A-Bilik_Inkubator_tengah","10.8.23.146","AP-505","48:b4:c3:cd:46:0c"
"UTHMRAP0032-Bendahari-C2","10.8.20.42","AP-303H","20:4c:03:dc:4b:5c"
"UTHMRAP0023-Bendahari-C2","10.8.20.5","AP-303H","20:4c:03:dc:4f:78"
"PendaftaranKBandar-A-006A -SAC (C2 BENDAHARI)","10.8.22.118","AP-505","a8:5b:f7:c3:dd:b4"
"UTHMRAP0034-Bendahari-C2","10.8.21.36","AP-303H","20:4c:03:dc:6c:e0"
"FKAAB-M-114A-Postgraduate2-Viva","10.8.7.52","AP-505","48:b4:c3:cd:39:20"
"FKAAB-M-002-Lobi-Kaunter","10.8.7.48","AP-505","48:b4:c3:cd:e5:2e"
"FK-R2-GF-AP04","10.67.52.121","AP-515","54:d7:e3:cd:06:d4"
"FK-R1-GF-AP01","10.67.52.122","AP-515","54:d7:e3:cd:52:e6"
"FK-R2-GF-AP02","10.67.52.119","AP-515","54:d7:e3:cd:0d:5c"
"FK-R2-GF-AP03","10.67.52.120","AP-515","54:d7:e3:cd:28:5c"
"FK-R2-GF-AP01","10.67.52.118","AP-515","54:d7:e3:cd:4a:6c"
"LIB39-GF-L-020B-Makmal-Komputer-AP2","10.63.20.151","AP-505","48:b4:c3:cc:5c:7c"
"FPTP-J-008A-Makmal_Ukur_Tanah_&_Pembinaan","10.8.4.154","AP-303","b8:3a:5a:c6:f6:6a"
"KBandar-A-207-Bilik-Pensyarah-SW-A201","10.9.156.62","AP-505","48:b4:c3:cd:a0:34"
"KBandar-A-208-Bilik-Pensyarah-SW-A201","10.9.156.34","AP-505","48:b4:c3:cd:b9:4e"
"KBandar-A-201-Bilik-Pensyarah-SW-A201","10.9.156.57","AP-505","48:b4:c3:cd:e2:e4"
"KBandar-A-209-Bilik-Pensyarah-SW-A201","10.9.156.33","AP-505","48:b4:c3:cd:de:4c"
"KBandar-B-202-Bilik-Pensyarah-SW-A201","10.9.156.51","AP-505","48:b4:c3:cd:9e:c0"
"KBandar-A-210-Bilik-Pensyarah-SW-A201","10.9.156.41","AP-505","48:b4:c3:cd:aa:ce"
"KBandar-A-203-Bilik-Pensyarah-SW-A201","10.9.156.54","AP-505","48:b4:c3:cd:bd:1a"
"KBandar-B-207-Bilik-Pensyarah-SW-A201","10.9.156.55","AP-505","48:b4:c3:cd:cb:f4"
"KBandar-B-203-Bilik-Pensyarah-SW-A201","10.9.156.44","AP-505","48:b4:c3:cd:d4:2c"
"FSKTM-PB-701-06-BMesyuarat-AP2","10.65.48.100","AP-505","48:b4:c3:cd:bf:b6"
"S.GAJAH-3-AP02","10.8.21.188","AP-515","54:d7:e3:cd:3e:ca"
"S.GAJAH-3-AP01","10.8.20.15","AP-515","54:d7:e3:cd:32:22"
"FKAAB-M-202-05-Koridor-Pensyarah","10.67.28.143","AP-505","48:b4:c3:cd:1d:4c"
"KKP-L4-04","10.8.5.80","AP-505","48:b4:c3:cd:1d:9e"
"LIB18-L2-Koridor-Ruang-Bacaan","10.63.24.172","AP-505","48:b4:c3:cd:b7:2e"
"LIB38-GF-L-021-BT8-AP1","10.63.20.135","AP-505","48:b4:c3:cc:73:d4"
"KKP-B1-01","10.8.44.47","AP-505","48:b4:c3:cc:34:6e"
"LIB40-GF-L-020A-Makmal-Komputer-AP1","10.63.20.155","AP-505","48:b4:c3:cc:3a:2e"
"FKAAB-M-026A-Jamilus_JRC-AP1","10.67.120.76","AP-505","48:b4:c3:cd:d5:b8"
"FKAAB-M-502-06-Koridor-Pensyarah","10.67.40.157","AP-505","48:b4:c3:cd:1d:f8"
"KKP-L3-02","10.8.5.72","AP-505","48:b4:c3:cd:45:0e"
"KKP-B3-04","10.8.44.59","AP-505","48:b4:c3:cc:61:6a"
"A5-006A-PTM-MIS","10.8.25.196","AP-505","48:b4:c3:cd:3d:4e"
"KKP-B2-01","10.8.44.44","AP-505","48:b4:c3:cc:4a:3e"
"FKAAB-M-112A-BTaklimat","10.8.7.28","AP-505","48:b4:c3:cd:1a:04"
"FPTP-J-702-01-Bilik_Pensyarah","10.8.4.204","AP-303","b8:3a:5a:c6:de:3c"
"KKP-L2-05","10.8.5.70","AP-505","48:b4:c3:cd:21:56"
"FPTP-J-101-07A-Bilik Mesyuarat Al-Ghazali","10.8.5.79","AP-303","b8:3a:5a:c6:f4:b4"
"KKP-L1-05","10.8.5.65","AP-505","48:b4:c3:cd:36:2a"
"FKAAB-M-009A-Kej-Gioteknik","10.8.7.41","AP-505","48:b4:c3:cd:d5:4e"
"KKP-B4-04","10.8.44.66","AP-505","48:b4:c3:cd:40:6c"
"KKP-B3-05","10.8.44.57","AP-505","48:b4:c3:cc:5c:76"
"KKP-B2-06","10.8.44.61","AP-505","48:b4:c3:cc:4c:64"
"KKP-B3-03","10.8.44.53","AP-505","48:b4:c3:cc:60:68"
"KKP-B2-05","10.8.44.65","AP-505","48:b4:c3:cc:4b:2e"
"KKP-B1-06","10.8.44.43","AP-505","48:b4:c3:cc:4a:ee"
"KKP-B1-05","10.8.44.50","AP-505","48:b4:c3:cc:3f:d2"
"KKP-B1-04","10.8.44.45","AP-505","48:b4:c3:cc:38:14"
"KKP-B1-03","10.8.44.46","AP-505","48:b4:c3:cc:6b:b2"
"KKP-B3-06","10.8.44.56","AP-505","48:b4:c3:cc:32:66"
"KKP-B1-02","10.8.44.49","AP-505","48:b4:c3:cc:4b:6c"
"KKP-B2-07","10.8.44.48","AP-505","48:b4:c3:cc:14:42"
"KKP-B2-02","10.8.44.52","AP-505","48:b4:c3:cc:25:1a"
"KKP-B3-07","10.8.44.64","AP-505","48:b4:c3:cd:1c:5e"
"KKP-B3-01","10.8.44.54","AP-505","48:b4:c3:cc:31:fc"
"A5-002B-PTM-Media-UAS","10.8.25.54","AP-505","48:b4:c3:cd:12:82"
"KKP-B4-03","10.8.44.40","AP-505","48:b4:c3:cd:35:00"
"KKP-B4-02","10.8.44.58","AP-505","48:b4:c3:cd:42:aa"
"C12-101A-FSKTM-BK101","10.8.20.149","AP-315","24:f2:7f:c1:c3:62"
"KKP-B4-01","10.8.44.55","AP-505","48:b4:c3:cd:12:a8"
"C12-102A-FSKTM-BK102","10.8.20.51","AP-315","7c:57:3c:ca:9d:ca"
"A4-102-Pejabat-CAD-AP305","10.8.20.163","AP-305","d0:15:a6:c3:31:2e"
"ASTAKA_KKPERWIRA_OUTDOOR","10.8.44.63","AP-365","00:4e:35:c7:0c:60"
"Bilik Seminar B1 (B6-009A)","10.8.52.186","AP-303","b8:3a:5a:c6:f0:b8"
"A4-001-01H-FPTP-AP305","10.8.20.159","AP-305","d0:15:a6:c3:76:b8"
"Bilik-Seminar-A2-(B6-002A)","10.8.53.148","AP-303","f0:61:c0:c1:ba:48"
"FSKTM-PC-306B","10.65.32.151","AP-303","b8:3a:5a:c6:ec:aa"
"FPTP-J-103 (Makmal komputer pengurusan projek","10.68.56.210","AP-303","b8:3a:5a:c6:d8:b4"
"FSKTM-PC-101B","10.65.26.124","AP-303","b8:3a:5a:c6:fc:66"
"FSKTM-PC-107A","10.65.25.138","AP-303","b8:3a:5a:c6:fc:06"
"E6-003-02-CGOL-Vconference-Bwh(H)","10.60.30.139","AP-555","a8:5b:f7:c8:69:3f"
"FSKTM-PB-701-17-Koridor-Pensyarah","10.65.48.98","AP-505","48:b4:c3:cd:db:c0"
"F6-02C-BFail","10.8.23.14","AP-505","48:b4:c3:cd:11:66"
"F6-02-003-Pembangunan-Bakat-AP1","10.8.21.94","AP-505","48:b4:c3:cd:3b:86"
"C2-AP303","10.8.21.168","AP-303","b8:3a:5a:c6:e3:ba"
"KKP-L4-03","10.8.5.78","AP-505","48:b4:c3:cd:35:40"
"KKP-L3-04","10.8.5.74","AP-505","48:b4:c3:cd:1f:6a"
"LIB24-L3-Koridor-Ruang-Bacaan","10.63.36.32","AP-505","48:b4:c3:cd:aa:d4"
"FKAAB-M-302-06-Koridor-Pensyarah","10.67.32.214","AP-505","48:b4:c3:cd:16:34"
"LIB2-L2-L-225A-Pjbt-Perncgn&Pembngunan","10.63.24.177","AP-505","48:b4:c3:cd:a2:54"
"LIB45-GF-L-026A-BT7-AP1","10.63.44.89","AP-505","48:b4:c3:cc:80:50"
"LIB3-L4-IQRA22","10.63.36.10","AP-505","48:b4:c3:cd:e4:88"
"DSI-RU-35-Surau-Lelaki","10.63.46.133","AP-505","48:b4:c3:cd:b0:6c"
"UTHMRAP0004","192.168.10.42","AP-303H","20:4c:03:dc:6c:6c"
"DSI-R-001J-Lobi-Pintu-Kiri","10.63.45.218","AP-505","48:b4:c3:cd:a7:ee"
"DSI-R-002-01-Bilik-Media","10.63.45.196","AP-505","48:b4:c3:cd:a4:3c"
"DSI-R-101B-Tempat-Duduk-Atas-Dewan-Kanan(H)","10.63.44.222","AP-555","a8:5b:f7:c8:0b:f1"
"DSI-R-003-05-Bilik-Pro-Canselor-2","10.63.46.176","AP-505","48:b4:c3:cd:9c:66"
"DSI-R-003A-Bilik-Kenamaan","10.63.46.159","AP-505","48:b4:c3:cd:aa:42"
"LIB2-GF-Lobi-Tangga-Taman-Yayasan","10.63.20.154","AP-505","48:b4:c3:cd:2d:3e"
"LIB44-GF-L-026A-BT7-AP2","10.63.44.219","AP-505","48:b4:c3:cc:6e:04"
"DSI-R-003-08B-Staff-Penyeleggaraan","10.63.46.141","AP-505","48:b4:c3:cd:cb:7c"
"DSI-R-101-01-Bilik-Sebarguna2-atas-kiri","10.63.46.195","AP-505","48:b4:c3:cd:a6:3a"
"DSI-RU-26-Penonton-Dewan-Kiri-AP2(H)","10.63.45.89","AP-555","a8:5b:f7:c8:6a:86"
"DSI-RU-15-Penonton-Dewan-Kanan-AP2(H)","10.63.46.129","AP-555","a8:5b:f7:c8:6a:65"
"DSI-R-002-01D-Tempat-Duduk-Dewan-Kanan(H)","10.63.44.166","AP-555","a8:5b:f7:c8:6b:34"
"DSI-R-002-01i-Penonton-Dewan-Kanan-AP1(H)","10.63.44.135","AP-555","a8:5b:f7:c8:78:bd"
"DSI-R-002-01S-Tempat-Duduk-Dewan-Kiri(H)","10.63.46.153","AP-555","a8:5b:f7:c8:69:9c"
"FKAAB-M-604-05-Koridor-Pensyarah","10.67.45.173","AP-505","48:b4:c3:cd:cd:ec"
"FKAAS(C)-M-025A","10.67.120.78","AP-303","b8:3a:5a:c6:f9:b6"
"FKAAS-2","10.67.20.173","AP-303","b8:3a:5a:c6:f8:6a"
"FSKTM-PB-601-17-Koridor-Pensyarah","10.65.44.65","AP-505","48:b4:c3:cd:dd:ba"
"LIB31-GF-L-022A-BT9-AP1","10.63.20.137","AP-505","48:b4:c3:cd:31:de"
"LIB5-GF-L-017B-BT6-AP2","10.63.20.148","AP-505","48:b4:c3:cc:6e:78"
"LIB7-GF-L-018B-BT7-AP2","10.63.20.153","AP-505","48:b4:c3:cc:5b:b2"
"LIB10-GF-Dewan-Kuliah3-AP1","10.63.20.142","AP-505","48:b4:c3:cc:49:64"
"LIB4-GF-L-017A-BT6-AP1","10.63.20.136","AP-505","48:b4:c3:cc:6c:6c"
"LIB16-L4-IQRA105","10.63.36.11","AP-505","48:b4:c3:cd:a0:d6"
"FKAAB-M-111A-Cetak-MKomputer1","10.8.7.40","AP-505","48:b4:c3:cd:0f:d8"
"LIB1-GF-Lobi-Tangga-Lift3","10.63.20.143","AP-505","48:b4:c3:cd:38:20"
"LIB4-L5-L-515A-Dewan-Jamuan-AP2","10.63.36.28","AP-505","48:b4:c3:cd:ad:50"
"DSI-R-003-03-Bilik-Kenamaan-Jamuan","10.63.44.176","AP-505","48:b4:c3:cd:b6:d6"
"LIB16-L5-L-502B-Dewan-Jemaah-AP3","10.63.36.4","AP-505","48:b4:c3:cd:cc:a2"
"LIB6-GF-L-018A-BT7-AP1","10.63.20.139","AP-505","48:b4:c3:cc:2a:88"
"LIB21-L3-L-309-Eksplorasi13","10.63.36.37","AP-505","48:b4:c3:cd:d7:bc"
"FKAAS(C)-M-026A","10.67.120.87","AP-303","b8:3a:5a:c6:eb:dc"
"LIB3-L2-Koridor-Bacaan-Tangga","10.63.24.159","AP-505","48:b4:c3:cd:d3:5c"
"FKAAB-M-033-BKomputer","10.67.120.84","AP-505","48:b4:c3:cd:d0:5e"
"FSKTM-PB-501-17-Koridor-Pensyarah","10.65.40.160","AP-505","48:b4:c3:cd:9f:e2"
"FKAAB-M-504-05-Koridor-Pensyarah","10.67.40.161","AP-505","48:b4:c3:cd:a9:a4"
"FKAAB-M-602-06-Koridor-Pensyarah","10.67.45.172","AP-505","48:b4:c3:cd:d4:f6"
"LIB17-L2-Koridor-Ruang-Bacaan","10.63.24.167","AP-505","48:b4:c3:cd:e3:96"
"LIB13-L5-L-504-05-Bilik-Pejabat-TNCAA","10.63.36.2","AP-505","48:b4:c3:cd:ce:c0"
"LIB2-L5-L-516A-Mesyuarat-Eksekutif","10.63.36.1","AP-505","48:b4:c3:cd:c9:f8"
"FKAAS(C)-M-021A","10.67.120.85","AP-303","b8:3a:5a:c6:e1:8e"
"LIB1-L5-L-518-BilikKaca-VIP","10.63.36.14","AP-505","48:b4:c3:cd:b0:32"
"LIB18-L4-IQRA114","10.63.36.17","AP-505","48:b4:c3:cd:a8:ca"
"FKAAB-M-025A-Fabrikasi-Perkayuan","10.67.120.82","AP-505","48:b4:c3:cd:ab:54"
"LIB22-L3-L-305-Eksplorasi17","10.63.36.30","AP-505","48:b4:c3:cd:9c:90"
"LIB1-L1-Kaunter-Sirkulasi","10.63.24.151","AP-505","48:b4:c3:cc:72:2c"
"LIB15-L4-IQRA94","10.63.36.7","AP-505","48:b4:c3:cd:d3:12"
"FKAAS(A)-M-108-02M-004-10A","10.67.22.93","AP-303","b8:3a:5a:c6:dc:96"
"LIB5-L3-L-325A-Bilik-Lestari2-AP1","10.63.36.8","AP-505","48:b4:c3:cd:a3:4a"
"LIB2-L4-Koridor-Ruang-Bacaan","10.63.36.16","AP-505","48:b4:c3:cd:a2:24"
"LIB23-L3-Koridor-Ruang-Bacaan","10.63.36.26","AP-505","48:b4:c3:cd:e4:5e"
"LIB33-GF-L-023B-BT10-AP1","10.63.20.147","AP-505","48:b4:c3:cd:24:3a"
"LIB20-L3-L-313-Eksplorasi9","10.63.36.34","AP-505","48:b4:c3:cd:a8:e0"
"LIB15-L1-L-102-03B-Pengajian-Siswazah-AP2","10.63.24.165","AP-505","48:b4:c3:cd:bd:6e"
"LIB14-L4-IQRA86","10.63.36.21","AP-505","48:b4:c3:cd:c0:c0"
"LIB3-L5-L-515B-Dewan-Jamuan-AP2","10.63.36.20","AP-505","48:b4:c3:cd:e4:04"
"LIB3-GF-Pejabat-Yayasan","10.63.20.149","AP-505","48:b4:c3:cc:65:88"
"FKAAB-M-151-Kej-Ringan-Mkml-NDT","10.67.120.77","AP-505","48:b4:c3:cd:c5:80"
"LIB15-L2-IQRA13","10.63.24.168","AP-505","48:b4:c3:cd:c9:90"
"LIB1-L2-Pameran-Campus-PTTA","10.63.24.176","AP-505","48:b4:c3:cd:a9:5c"
"LIB14-L2-IQRA9","10.63.24.188","AP-505","48:b4:c3:cd:ba:02"
"LIB15-L5-L-504-03-BPerbincangan-TNC","10.63.36.12","AP-505","48:b4:c3:cd:9f:e8"
"FKAAB-M-402-06-Koridor-Pensyarah","10.67.36.93","AP-505","48:b4:c3:cd:25:0e"
"LIB32-GF-L-022A-BT9-AP2","10.63.20.145","AP-505","48:b4:c3:cd:20:de"
"LIB9-GF-L-Dewan-Kuliah3-AP2(H)","10.63.20.138","AP-555","a8:5b:f7:c8:7a:1f"
"LIB36-GF-Dewan-Kuliah4-AP1(H)","AP-555","10.63.20.150","a8:5b:f7:c8:69:a2"